Mentor,Mentee,Rating,Comments,Time stamp
366449,,1,,1425941529
1677677,,4.5,,1425942435
553755,,5,,1425941523
611182,,5,,1425941546
646184,,5,,1425941556
639766,,4,,1425942148
683346,,4.5,,1425941300
616383,,5,,1425941593
446440,,4,,1425941601
2604698,,4,,1425942228
610257,,5,,1425941434
581138,,5,,1425941397
237401,,4,,1425942005
265978,,3.5,,1425941313
632929,,4,,1425942007
522708,,5,,1425941502
405088,,5,,1425941464
585326,,5,,1425942139
499483,,5,,1425942699
617355,,5,,1425942133
692907,,2.5,,1425942647
2305957,,5,,1425942618
514824,,5,,1425941424
570061,,5,,1425941382
563430,,0.5,,1425942640
643202,,4,,1425941667
521430,,5,,1425941336
1521687,,3,,867039249
2231512,,3,,867039168
493207,,2,,867039166
506622,,3,,867039325
628029,,4,,867039612
630514,,4,,867039325
650662,,3,,867039168
689828,,4,,867039249
599402,,5,,867041296
307230,,4,,867041121
598052,,4,,867039973
335914,,4,,867039325
573646,,4,,867039167
2537777,,3,,867039325
363396,,3,,867039165
623603,,1,,867039249
648354,,1,,867039288
687720,,4,,867039325
685779,,4,,867039820
467580,,5,,867039288
617327,,3,,867040824
631075,,2,,867040735
485671,,3,,1048076925
680314,,2,,1048076945
1848820,,4,,1048076900
594576,,4,,1048076945
693565,,3,,1048076995
552039,,3,,1048076961
279839,,3,,1048076976
482856,,3,,1048077048
648238,,3,,1048076830
578555,,3,,1048077030
699370,,4,,1042668576
577965,,4,,1042667925
594933,,4,,1042674800
2554973,,5,,1042667925
334224,,4,,1042667956
578109,,2,,1042667865
583221,,5,,1042667903
589973,,4,,1042674861
629267,,3,,1042667945
583192,,3,,1042674787
1746134,,4,,1042674412
645407,,3,,1042674845
598536,,4,,1042674787
552929,,3,,1042674761
677203,,4,,1042674761
593594,,4,,1042668589
426458,,5,,1042667945
381439,,2,,1042674886
394480,,4,,1042668559
655230,,5,,1042672546
152917,,4,,1042672491
469016,,3,,1042668576
572143,,3,,1042672363
271274,,3,,1042668505
548839,,4,,1042672531
1450604,,1,,1042668544
611017,,4,,1042668505
695432,,2,,1042668544
691536,,3,,1042668621
581047,,4,,1042672283
191445,,5,,1042672546
111926,,4,,1042672556
2579683,,3,,1042672352
487681,,4,,1042674773
2293511,,3,,1042668589
369234,,4,,1042672592
569490,,1,,1042668521
2043916,,3,,1042668544
656203,,5,,1042672580
678859,,4,,1042672335
2376628,,4,,1042668576
2298106,,3,,1042668521
585454,,3,,1042668544
2318055,,5,,1042668604
676538,,2,,1042668621
630452,,4,,1042674436
621937,,4,,1042672283
588062,,2,,1042672352
2457440,,4,,1042668559
628327,,3,,1042672335
506309,,4,,1042672491
26192,,4,,1042672580
511859,,2,,1042672580
587377,,3,,1042672592
631655,,3,,1042668559
638561,,4,,1042667845
574325,,3,,1042667925
342799,,3,,1042674412
363773,,4,,1042674819
592815,,3,,1042674425
583933,,4,,1042667845
601930,,3,,1042674579
382378,,3,,949423844
651351,,2,,949423787
535272,,4,,949424343
500707,,5,,949424321
603791,,5,,949424271
557742,,5,,949424168
626023,,5,,949424374
557490,,5,,949424374
2023561,,4,,949424343
501617,,5,,949424321
266286,,5,,949424271
399772,,4,,949424343
591375,,5,,949423787
655051,,5,,949424374
435587,,5,,949424271
656129,,5,,949423844
596404,,5,,949423787
2684107,,5,,949424321
582182,,2,,949424522
532695,,5,,949424045
128968,,1,,949424482
602451,,5,,949423938
1937511,,4,,949423938
622753,,5,,949423978
529287,,4,,949424188
441885,,3,,949423844
588293,,3,,944894480
692384,,3,,944894480
120236,,4,,944894144
547755,,5,,944928077
630449,,5,,1486253647
693747,,4,,1486253595
529078,,4,,1486253599
1532840,,4.5,,1486254186
694951,,4.5,,1486253602
392207,,5,,1486253781
138709,,1.5,,1486253699
630833,,4,,1486253683
577692,,2.5,,1486253672
606418,,4.5,,1486253687
522087,,5,,1486253608
575039,,4,,1486253703
558035,,2,,1486253944
93925,,4.5,,1486253705
282038,,3.5,,1486253615
586137,,2,,1486253729
625722,,4.5,,1486253605
573742,,4,,1486253719
573654,,4,,1486253918
516047,,2.5,,1486253617
2271743,,2.5,,1486253796
556924,,4,,1486253619
303218,,3,,1486253758
504749,,3,,1486253891
2473780,,2.5,,1486253738
571765,,2,,1486253798
573108,,4,,1486253740
592406,,2.5,,1486253771
560075,,3,,1486253787
688571,,4,,1486253880
2156058,,3.5,,1486253805
607094,,2,,1486253865
577526,,5,,1486253675
628771,,1,,1486253975
473509,,3.5,,1486253733
600175,,3,,1486253695
371247,,3.5,,1486253817
537000,,2.5,,1486254028
472981,,3,,1486253597
574637,,3.5,,1486253795
601088,,3,,1486253817
441113,,4.5,,1486253827
512940,,4,,1486253959
584195,,1.5,,1486253974
310899,,2.5,,1486253761
621459,,4.5,,1486253752
674193,,4.5,,1486253884
618279,,2,,1486253749
633764,,4,,1486253996
1416784,,3.5,,1486253941
431386,,4.5,,1486253789
573766,,1,,1486253905
552560,,2.5,,1486253833
429065,,4,,1013443596
311332,,2,,1013442976
602681,,3,,1013442518
572570,,4,,1013443770
605679,,3,,1013442544
610913,,3,,1013443900
589723,,5,,1013444101
551172,,1,,1013443085
602097,,4,,1013442902
592900,,2,,1013443939
556738,,4,,1013442921
247292,,4,,1013444101
603611,,2,,1013443487
492557,,2,,1013443752
503872,,2,,1013443718
591111,,4,,1013442544
527619,,4,,1013444101
613165,,3,,1013444040
304465,,4,,1013442408
496154,,3,,1013443677
2554047,,3,,1013442366
627670,,3,,1013442825
653240,,5,,1013443659
549684,,4,,1013443993
628300,,5,,1013442804
202487,,3,,1013443638
681235,,1,,1013442921
94484,,3,,1013443596
572457,,1,,1013443848
603423,,4,,1013443698
605180,,3,,1013443867
488524,,4,,1013443848
193310,,3,,1013443939
315517,,2,,1013442853
379234,,1,,1013444101
656535,,1,,1013443596
623603,,3,,1013443659
422505,,2,,1013444013
591785,,3,,1013443867
183331,,3,,1013442518
241700,,5,,1013443447
571630,,3,,1013444158
627651,,2,,1013443544
358808,,2,,1013442936
680222,,3,,1013442902
466539,,2,,1013443698
584827,,3,,1013442804
599461,,3,,1013443923
248252,,3,,1013443974
318855,,3,,1013442463
547466,,2,,1013443508
651963,,4,,1013442825
2341415,,4,,1013443848
535272,,2,,1013442463
1470291,,4,,1013443974
316082,,2,,1013442774
85304,,3,,1013443461
1763186,,4,,1013443508
1448966,,3,,1013443770
404559,,3,,1013443380
557085,,3,,1013443597
188662,,4,,1013442463
643191,,2,,1013443529
529760,,3,,1013443659
306610,,3,,1013443731
698205,,5,,1013443796
569712,,2,,1013443461
261332,,4,,1013443993
600289,,1,,1013443830
653821,,4,,1013442758
644516,,5,,1013442902
502057,,5,,1013443881
684594,,4,,1013443900
488364,,3,,1013444040
686384,,4,,1013443447
543365,,3,,1013443796
652366,,4,,1013444013
692609,,4,,1013443638
577558,,1,,1013442956
1757561,,1,,1013443031
2622634,,3,,1013442825
575488,,2,,1013443796
75442,,2,,1013443638
484125,,3,,1013443179
508872,,3,,1013443045
411939,,4,,1013443447
264589,,3,,1013443557
622976,,4,,1013444101
555789,,3,,1013443508
631715,,3,,1013442837
630585,,3,,1013443070
502638,,2,,1013442976
1649896,,3,,1013443923
535648,,1,,1013442872
484550,,2,,1013442518
405961,,4,,1013442518
319461,,3,,1013442662
584191,,3,,1013443013
550278,,4,,1013442758
2031252,,2,,1013442662
613047,,2,,1013442921
639663,,4,,1013442677
627026,,2,,1013442956
622386,,4,,1013442629
360986,,2,,1013443013
64296,,5,,1013442758
466714,,2,,1013442707
649310,,1,,1013442956
386180,,3,,1013442989
572949,,4,,1013443338
632316,,3,,1013442629
592422,,2,,1013443273
567808,,2,,1013442758
650861,,4.5,,1073837180
501960,,4,,1073837284
2229783,,5,,1061916357
630804,,4,,1061916288
407595,,3,,1061916233
487002,,4,,1061916274
625349,,2,,1061916339
628376,,5,,1061918479
624722,,2,,1061916220
632725,,4,,1061916215
529795,,4.5,,1061918506
410043,,4.5,,1073837135
512582,,4,,1073837292
126912,,4.5,,1073837162
523971,,4,,1073837244
412175,,3.5,,1073837197
568973,,3.5,,1061916295
2494258,,2.5,,1061916303
266858,,4,,1061916280
568775,,4.5,,1061916352
516165,,0.5,,1061916373
1209065,,4.5,,1061916342
528351,,3.5,,1062144212
229326,,4,,1073837327
585769,,5,,1061916334
525870,,4.5,,1061916245
675638,,4.5,,1073837036
2654411,,5,,1073837256
263531,,3.5,,1073837149
601939,,2,,1061916416
155158,,4,,1073837125
465764,,4.5,,1073837168
617012,,4.5,,1073837131
465845,,3.5,,1061917407
549095,,2.5,,1061917857
1781834,,3,,1061917561
117510,,3.5,,1061918172
578958,,4,,1061917155
694951,,4,,1061917529
628717,,3.5,,1061917586
2686578,,4.5,,1061917148
683256,,3.5,,1061917754
607062,,4,,1061916312
648966,,4.5,,1061916906
696833,,5,,1061917088
599475,,4,,1073837233
583625,,4,,1061916957
596029,,4,,1061917359
2412967,,5,,1061917073
483243,,5,,1061917384
598562,,2.5,,1061918204
625218,,2.5,,1061917824
485006,,3,,1061917439
2554973,,4,,1064941670
645098,,4,,1061917141
610775,,4,,1061917025
535605,,3.5,,1061917348
608913,,4,,1061917258
634909,,5,,1061916953
586890,,4.5,,1062237903
653848,,5,,1061916981
604087,,3,,1061917305
600181,,3.5,,1061917628
420935,,3,,1061918107
539186,,5,,1061917411
568559,,4,,1061917314
236875,,2.5,,1061917724
185021,,4,,1061917454
552898,,3,,1061917166
607849,,3.5,,1061918154
588086,,3,,1061917421
656634,,4,,1061917039
629039,,3.5,,1061917353
569426,,3,,1061917874
571927,,3.5,,1061917084
688287,,5,,1073837104
547445,,5,,1061917101
524431,,4.5,,1061917119
698019,,3,,1061918001
573252,,4,,1061917069
613300,,3,,1061917377
651419,,5,,1061916492
598624,,4,,1063558749
520061,,5,,1073837010
174807,,4,,846287850
233752,,3,,846288047
592781,,4,,846288047
175490,,5,,846287850
602707,,4,,846288047
483158,,5,,846288047
426736,,5,,846287850
28061,,4,,846288177
547757,,5,,846288047
623917,,3,,846287850
598420,,4,,846287850
604671,,4,,846288177
502393,,5,,846288177
612538,,3.5,,1231677006
275674,,4,,1231677071
513266,,3.5,,1231677031
551583,,3.5,,1231676989
522561,,3.5,,1231677046
572659,,2.5,,1231677076
606206,,3,,1231676984
607501,,4,,1231676885
483876,,4.5,,1231678204
607380,,3,,1231677016
620414,,4,,1231676871
392604,,3,,1231677051
579303,,3.5,,1231676994
687301,,3.5,,1231676849
567273,,4,,1231677066
599742,,2,,1231677440
373613,,4.5,,1231677900
523632,,4,,1231676857
439294,,3,,1231677056
387537,,3,,1231677212
678795,,2,,1231677333
674777,,4,,1231677094
468729,,3.5,,1231677184
613205,,3.5,,1231677287
420333,,2.5,,1231677102
545041,,3,,1231677026
536736,,3,,1231675786
606517,,3.5,,1231677340
656954,,3.5,,1231677151
623609,,3.5,,1231677261
440323,,4,,1231677086
584553,,4,,1231677156
468908,,4,,1231677061
624077,,2.5,,1231677276
2261142,,3,,1231677021
684375,,2.5,,1231676159
618665,,4,,1231677321
635170,,4,,1231683195
632113,,3,,1231674951
1500950,,3.5,,1231674869
551636,,4,,1231674770
475901,,4,,1231676542
589395,,3,,1231677315
696324,,3.5,,1231677298
484135,,3.5,,1231677293
626448,,1,,1231674899
444541,,3.5,,1231674934
569490,,2.5,,1231676574
592252,,3.5,,1231674880
2035700,,2,,1231676641
600175,,3.5,,1231677256
693111,,4.5,,1231676764
680747,,4,,1231677113
432336,,4,,1231677609
606976,,4.5,,1231676523
31269,,3.5,,1231676532
1609002,,4,,1231677134
291133,,4,,1231676517
632402,,3.5,,1231683242
632486,,3.5,,1231677614
688388,,2.5,,1231677241
593476,,2.5,,1231675178
541774,,3.5,,1231676496
587126,,3.5,,1231677705
2229389,,4,,1231677192
635779,,3.5,,1231674939
144908,,2,,1231677737
685052,,3,,1231675038
358204,,4,,1231677599
573481,,4.5,,1232316133
690763,,3,,1231675958
684407,,3.5,,1231680079
88758,,4,,1231675372
606205,,3,,1231682019
596847,,3,,1231676959
629504,,3,,1231675016
637338,,2.5,,1231676132
540521,,2.5,,1231676190
561930,,4,,1231675121
583146,,2,,1231676291
573225,,3,,1231683255
552339,,4,,1231676477
593585,,4,,1231676569
2562034,,3,,1231676053
678065,,2,,1231676242
580684,,0.5,,1231676381
479356,,4,,1231674889
418007,,2,,1231676270
649667,,2.5,,1231675980
444858,,3,,1231675688
309258,,4,,1231676547
603222,,3.5,,1231676729
595365,,3,,1232307026
339381,,0.5,,1231676395
573292,,4.5,,1231677865
610400,,1.5,,1231676327
271346,,3,,1231675920
514445,,3.5,,1231675568
75442,,2.5,,1232316111
592158,,3.5,,1231676608
698201,,3.5,,1231675538
552708,,4.5,,1231677913
565849,,5,,1231675293
633330,,3.5,,1231675605
336696,,3.5,,1231676680
472981,,1.5,,1231676352
380151,,3.5,,1231676692
558444,,3.5,,1231678614
641569,,3,,1231676613
687765,,2.5,,1231678942
560012,,2.5,,1231678930
2095379,,1.5,,1231676313
108859,,3.5,,1231676511
529174,,2.5,,1231676167
684744,,2,,1231676283
533201,,2,,1231676234
597726,,3,,1231678424
630129,,3.5,,1231679030
649868,,3,,1231675998
388205,,4,,1231676507
1906919,,3,,1231679189
676350,,3,,1231677639
648611,,4,,1231678514
506038,,3.5,,1231678856
691026,,2.5,,1231678441
509933,,3.5,,1231675662
610220,,3.5,,1231678869
391937,,4,,1231675424
445386,,3,,1231678678
604614,,3.5,,1231678535
410043,,2.5,,1231679083
690507,,4,,1231679151
596846,,3,,1231679007
2569834,,3.5,,1231675671
264106,,3.5,,1231678636
596114,,2,,1231678722
488575,,2.5,,1231678861
637800,,4,,1231677679
174487,,3.5,,1231675521
398071,,3.5,,1231678495
604917,,4,,1231678687
399794,,2.5,,1231678670
686837,,4,,1231675472
2497090,,3.5,,1231675899
504270,,3,,1231678838
609193,,4,,1231678565
605993,,3.5,,1231678914
626692,,3,,1231678435
558909,,4,,1231675407
490648,,4,,1231678600
2191588,,3.5,,1231678587
508469,,1,,1231676372
444821,,2.5,,1231676044
688683,,2.5,,1231676150
553943,,4,,1231675397
560384,,3,,1231678904
473081,,3,,1231678500
652103,,3,,1231675722
687348,,3,,1231678458
591761,,3.5,,1231675860
596533,,3.5,,1231675589
606827,,1.5,,1231676301
478213,,4.5,,1231676750
2133242,,3.5,,1231676501
468729,,2,,1231678825
588556,,4,,1231675415
63044,,3,,1231676119
655124,,2,,1231676260
429162,,3.5,,1231676662
551492,,2,,1231676216
419284,,4.5,,1231675313
654834,,3,,1231675698
537194,,3,,1231675883
2249143,,1,,1231676342
426074,,3.5,,1231675641
634986,,2.5,,1231676027
540422,,2,,1231678761
599117,,3.5,,1231678705
544741,,3.5,,1231676667
649861,,4,,1231675622
512468,,3.5,,1231676629
422250,,4,,1231675633
497211,,2.5,,1231676083
694361,,4,,1231675487
694589,,3,,1231675910
329673,,5,,1231675322
411546,,2,,1231678776
641307,,3.5,,1231675599
466828,,3.5,,1231675546
555695,,3,,1231675928
589302,,3,,1231678399
575875,,3,,1231675614
135330,,3,,1231676108
631693,,4,,1231675496
145114,,2.5,,1231676201
595235,,4,,1231678543
2505859,,3.5,,1231678374
2091387,,1.5,,1232307012
656543,,4.5,,1231675382
677457,,2,,1231679062
591655,,2,,1231755849
592322,,3,,1231675946
430806,,3,,1231677462
521377,,1.5,,1231678978
447393,,2.5,,1231676034
637370,,4.5,,1231678766
629978,,3.5,,1231675799
613196,,3.5,,1231676745
574815,,2.5,,1231677454
652801,,5,,1231675302
573944,,2.5,,1231675823
620376,,2.5,,1231676008
276388,,2.5,,1231679199
604610,,4.5,,1231674884
440912,,3,,1231678797
627343,,3,,1231678894
573294,,2,,1231679011
685015,,3.5,,1231675839
631719,,3.5,,1231678919
2440133,,3.5,,1231675555
611719,,3.5,,1231675733
614623,,3.5,,1231678623
372619,,3,,1231675937
171334,,3.5,,1231675576
601885,,4,,1231675680
604517,,4,,1231675203
586995,,3,,1232567346
601289,,4,,943912205
602600,,4,,943913329
679840,,4,,943911191
476596,,5,,943913115
697841,,2,,943911150
415812,,5,,943913044
243372,,3,,943911325
648966,,5,,943912317
695148,,5,,943911078
623917,,2,,943910885
629692,,4,,943911115
481618,,4,,943911285
607609,,5,,943912719
166988,,5,,943912278
2044299,,5,,943913006
609383,,1,,943912539
646406,,1,,943910494
1763015,,1,,943910494
552795,,4,,943911613
696653,,5,,943911842
353660,,4,,943912719
2687989,,5,,943912278
530234,,1,,943912496
515903,,5,,943912206
485612,,4,,943912719
123087,,5,,943912641
2558536,,5,,943911577
593875,,5,,943911191
2654602,,5,,943911397
485534,,3,,943912539
588156,,5,,943912122
601872,,4,,943911115
335996,,5,,943911078
234978,,2,,943910918
550183,,5,,943912613
638655,,4,,943911542
572659,,4,,943911325
552749,,5,,943912871
89051,,3,,943911435
1721270,,4,,943912353
159906,,4,,943912353
596855,,3,,943911746
521153,,4,,943911700
305783,,5,,943912931
470002,,4,,943910445
474759,,5,,943910409
655028,,3,,943912317
1997164,,3,,943912803
550604,,4,,943910623
279085,,4,,943912013
634776,,5,,943911397
654817,,3,,943910758
692301,,5,,943911078
571693,,4,,943911285
2676809,,4,,943912396
617740,,4,,943911613
626501,,5,,943912122
655973,,3,,943911790
146600,,3,,943911700
607060,,5,,943911363
605521,,3,,943911435
586518,,4,,943913081
643208,,4,,943910843
677879,,3,,943912679
634373,,5,,943910957
634353,,4,,943911876
282498,,5,,943912679
529179,,5,,943912476
2344216,,5,,943911542
607668,,5,,943910587
592660,,5,,943910843
651058,,4,,943911790
690507,,3,,943911790
2623960,,3,,943911115
515676,,5,,943912049
653601,,4,,943911078
546157,,5,,943910957
558518,,4,,943911700
442183,,4,,943911285
190653,,3,,943911700
522312,,4,,943911652
646459,,3,,943911325
443108,,5,,943911191
603058,,5,,943912166
89188,,4,,943912396
2437837,,4,,943911501
606028,,4,,943912317
578389,,4,,943911910
528822,,5,,943911910
599802,,5,,943911285
617355,,4,,943911746
644072,,5,,943911910
571994,,5,,943911240
649189,,3,,943912080
622278,,4,,943911285
627500,,5,,943911285
622500,,5,,943912613
1411562,,5,,943911078
601753,,5,,943910843
647126,,4,,943911947
603200,,5,,943912166
575355,,4,,943913115
581016,,5,,943912317
185021,,5,,943911842
571044,,4,,943911947
571540,,5,,943911613
1533277,,4,,943910843
500339,,5,,943910843
348790,,4,,943911542
688537,,4,,943910843
624256,,4,,943911790
107883,,5,,943910349
173004,,4,,943911151
569864,,2,,943910987
572414,,5,,943911746
1618172,,5,,943912476
609681,,3,,943911325
565275,,4,,943910843
572949,,4,,943910957
630264,,5,,943911542
592683,,4,,943910987
558024,,4,,943911501
625544,,4,,943911577
695484,,4,,943911613
630333,,4,,943912166
2271766,,4,,943911746
607529,,5,,943912834
611235,,4,,943911700
582443,,4,,943911501
635271,,2,,943912166
685373,,5,,943911577
2341839,,4,,943911240
570757,,5,,943910554
483997,,5,,943911910
577439,,5,,943911746
634165,,5,,943912353
572134,,4,,943911947
345068,,4,,943911542
560127,,5,,943911746
398496,,5,,943911285
593000,,2,,943910471
544021,,3,,943913044
352600,,4,,943911034
688038,,5,,943911078
534432,,4,,943912768
2113778,,1,,943910522
369715,,4,,943910634
549158,,5,,943911842
681063,,4,,943910885
536999,,1,,943910471
551528,,3,,943910445
603931,,1,,943910445
619964,,4,,943913115
689113,,5,,943912834
686564,,4,,943912931
2661012,,4,,943912641
469614,,5,,943911501
148414,,3,,943911842
572250,,4,,943911034
256815,,5,,943912719
626546,,1,,943910885
651040,,2,,943913081
2424697,,3,,943911652
541476,,4,,943913329
633093,,5,,943911700
190930,,4,,943911240
608195,,4,,943910349
598969,,3,,943911034
642536,,3,,943910445
446295,,4,,943912317
387963,,5,,943912978
595686,,2,,943911435
122524,,4,,943911363
607220,,3,,943911435
574259,,4,,943910987
626365,,5,,943912679
1997796,,3,,943911397
595100,,4,,943911652
574888,,4,,943911115
602826,,1,,943912013
340751,,5,,943911325
631941,,2,,943912049
607646,,4,,943912122
492177,,2,,943912317
1723749,,4,,943911363
651930,,5,,943912396
653914,,3,,943911150
362356,,4,,943912049
260367,,5,,943911325
55968,,5,,943910918
146125,,4,,943912768
646906,,4,,943912237
104213,,4,,943911542
556892,,4,,943911034
623418,,5,,943911435
1924641,,2,,943911285
413747,,3,,943911909
630794,,4,,943911397
539468,,3,,943911577
686799,,3,,943911700
1398979,,3,,943911947
674983,,5,,943912768
613775,,5,,943911790
580468,,3,,943911034
484312,,1,,943913365
586440,,1,,943911790
301036,,3,,943911700
599663,,4,,943911240
536510,,2,,943911842
597747,,5,,943912896
583423,,4,,943912871
122459,,4,,943911947
593022,,4,,943912803
518265,,4,,943912679
2542431,,4,,943912871
613208,,2,,943912613
598883,,5,,943911363
529975,,2,,943910885
503100,,1,,943911115
581011,,2,,943913365
1584449,,2,,943911842
654265,,1,,943912396
573150,,5,,943911397
547408,,5,,943911436
540656,,4,,944342904
515520,,5,,943910885
541523,,3,,943911501
549913,,5,,943911435
650511,,5,,943912871
422341,,4,,943911947
652112,,3,,943910957
345357,,4,,943912679
2094546,,3,,943911842
40419,,1,,943911115
607047,,3,,943912719
628630,,1,,943910098
601827,,3,,944342803
590548,,5,,943910033
596624,,4,,943911191
614761,,4,,943912353
140866,,2,,943911909
674882,,2,,943911034
110881,,5,,943910033
601534,,5,,944342864
546912,,4,,943910033
266558,,4,,943910122
613133,,3,,943912803
354550,,3,,943910409
620630,,2,,1348788885
571794,,3.5,,1348788909
675165,,4.5,,1348788935
2238904,,3,,1348788914
680492,,2.5,,1348789009
253767,,1.5,,1348789109
695369,,3,,1348789004
2546315,,4,,1348788930
601082,,2,,1348789278
552749,,3.5,,1348789246
682673,,1.5,,1348789179
524160,,2,,1488224496
580684,,2.5,,1488224438
634193,,4.5,,1488224459
548120,,3,,1488224441
272617,,5,,1488224471
527826,,4,,1346008202
555277,,3.5,,1346002224
649856,,0.5,,1346002251
541478,,1.5,,1346002451
642626,,5,,1346008164
534983,,4.5,,1346009478
560065,,1.5,,1346002171
608571,,3.5,,1346008794
2367155,,4,,1346002144
581826,,3,,1346002147
555760,,2.5,,1346002151
653665,,4.5,,1346002463
609860,,4,,1346008005
676610,,3.5,,1346008344
2421428,,5,,1346002553
520332,,5,,1346009462
684383,,2,,1346008746
537688,,4,,1346009522
484464,,5,,1346009420
677040,,4.5,,1346009442
64296,,0.5,,1346002157
678860,,5,,1346009466
589380,,4.5,,1346008222
121349,,5,,1346009498
506504,,5,,1346009470
570177,,1.5,,1346002165
690766,,4.5,,1346009490
613160,,3,,1346002181
528971,,1,,1346002455
590961,,4.5,,1346008342
656353,,4,,1346002443
1715896,,5,,1346008166
2083576,,5,,1346008102
510693,,4.5,,1346002438
627168,,3.5,,1346007984
593272,,5,,1346002464
633857,,3.5,,1346008329
588710,,4,,1346002186
177354,,4,,1346008114
502011,,4.5,,1346009472
626604,,4,,1346008191
67685,,3.5,,1346008150
571921,,4,,1346008003
597924,,4,,1346008106
2625021,,5,,1346009494
519491,,5,,1346002168
568084,,5,,1346002456
647040,,3,,1346008215
572168,,3,,1346008385
680563,,5,,1346002580
437482,,4.5,,1346008100
549713,,3.5,,1346002189
652890,,1,,1346002231
647774,,5,,1346002459
562929,,5,,1346009414
2516163,,1,,1346009161
2698588,,5,,1346008714
681356,,5,,1346008016
359417,,3.5,,1346009439
628316,,4.5,,1346008412
520544,,5,,1346009426
639232,,4,,1346009513
549139,,0.5,,1346002195
405192,,4,,1346009349
2272874,,4.5,,1346007946
2492787,,4,,1346008211
544253,,4,,1346002241
609891,,4,,1346008206
624667,,2.5,,1346002349
638997,,1,,1346002249
586259,,3,,1346008176
607804,,3.5,,1346009246
293686,,4.5,,1346008664
154057,,5,,1346009531
601914,,2.5,,1346008064
612517,,4.5,,1346009492
552228,,4,,1346008239
2366574,,4.5,,1346008199
598662,,3.5,,1346008340
675880,,3,,1346008035
108118,,3.5,,1346009525
395758,,4,,1346002555
595986,,3,,1346016134
577603,,4.5,,1346008146
569334,,2.5,,1346008234
617255,,4.5,,1346008125
327449,,4,,1346002474
2415480,,4,,1346009453
591912,,5,,1346002476
399935,,4.5,,1346002551
2576298,,4,,1346008805
626132,,3.5,,1346002358
614801,,3,,1346002215
585958,,4,,1346008031
573600,,3.5,,1346009081
2472145,,2.5,,1346007989
1534560,,3,,1346002218
501488,,5,,1346009407
690365,,4,,1346008453
170943,,4,,1346009511
2606765,,4.5,,1346009363
248103,,4.5,,1346009400
612568,,5,,1346002582
606420,,4.5,,1346008266
545665,,0.5,,1346002244
2049668,,4,,1346008604
524431,,2,,1346007981
491011,,5,,1346016139
279839,,4.5,,1346008093
516222,,2.5,,1346002572
189986,,4,,1346008461
168845,,3.5,,1346002221
484446,,4,,1346008209
623442,,4,,1346009506
593954,,5,,1346009501
231606,,5,,1346008127
625841,,4,,1346002589
589748,,4.5,,1346008104
550865,,4,,1346009257
632074,,4,,1346009528
507034,,4.5,,1346009459
528734,,5,,1346009416
334565,,2,,1346008769
501867,,5,,1346009352
1786380,,4.5,,1346008394
563813,,3.5,,1346008972
420163,,5,,1346008061
645792,,4.5,,1346008421
608775,,2.5,,1346008479
688404,,5,,1346002470
543436,,4,,1346009468
574498,,3,,1346008678
232480,,4.5,,1346007966
625128,,4,,1346009394
537558,,4.5,,1346009423
597386,,4,,1346008456
598662,,4,,1346008118
193822,,3,,1346008966
316061,,5,,1346008968
396210,,4,,1346007978
555446,,3,,1346007986
145114,,3,,1346008363
581063,,0.5,,1346008743
574955,,4,,1346008136
245987,,4,,1346008354
517416,,4.5,,1346008720
2446784,,4,,1346008592
633599,,4,,1346008287
283402,,3,,1346002366
594558,,3.5,,1346002585
408872,,3,,1346008196
583128,,5,,1346009450
676553,,4,,1346009380
680955,,5,,1346008352
166421,,4,,1346008764
614909,,4.5,,1346008142
502057,,3,,1346008753
92274,,4,,1346008492
647348,,3.5,,1346008567
622368,,3,,1346008489
554205,,4.5,,1346008098
511306,,4.5,,1346008182
416007,,4.5,,1346008669
590461,,4.5,,1346008070
409284,,0.5,,1346008449
1609002,,5,,1346007938
625714,,4,,1346009360
689498,,4,,1346009476
546196,,5,,1346008557
380662,,4,,1346007963
557766,,5,,1346008095
504066,,4.5,,1346009456
483149,,2.5,,1346009241
270468,,5,,1346009433
506288,,4.5,,1346009403
638358,,4,,1346002574
248994,,4,,1346008157
2111015,,3.5,,1346002547
2416774,,5,,1346007969
2532785,,5,,1346007999
578754,,2,,1346008749
605679,,3,,1346009202
630052,,4,,1346008153
567595,,4,,1346009130
283564,,0.5,,1346008028
626890,,5,,1346002646
598809,,0.5,,1346002577
2342045,,4,,1346002636
677356,,3.5,,1346009075
555228,,5,,1346002472
549847,,1.5,,1346008159
607888,,2.5,,1346008123
695748,,3.5,,1346008683
573093,,4.5,,1346008703
546157,,2.5,,1346008700
575355,,4,,1346008661
40333,,3.5,,1346008777
540224,,3.5,,1346008120
570453,,3.5,,1346008173
694836,,5,,1346007942
584842,,4,,1346008427
537918,,5,,1346008432
269677,,2,,1346002361
397219,,4.5,,1346008367
2586748,,3.5,,1346008392
649118,,3,,1346008562
634295,,4.5,,1346008417
677433,,2,,1346008186
688337,,0.5,,1346008365
262294,,3.5,,1346009156
599495,,2,,1346008698
621001,,4,,1346008380
572659,,3.5,,1346008470
619288,,4,,1346008653
623948,,4,,1346008435
592951,,4,,1346008245
418956,,4,,1346009062
552166,,2.5,,1346008194
656481,,4.5,,1346008278
545896,,5,,1346008711
515370,,3.5,,1346008594
646739,,3.5,,1346008218
634986,,0.5,,1346008672
2650236,,3.5,,1346008785
588775,,2.5,,1346009151
469959,,3.5,,1346008818
522777,,4.5,,1485646263
583713,,5,,1485650563
516519,,5,,1485646062
549872,,4.5,,1485646778
545964,,3.5,,1485645737
384153,,5,,1485646091
593970,,3.5,,1485646752
2502882,,5,,1485645745
582550,,4,,1485645954
523275,,4.5,,1485649634
2151019,,5,,1485645886
503469,,5,,1485645837
655414,,4.5,,1485645876
633310,,5,,1485646073
261495,,4.5,,1485650425
571962,,4,,1485645842
444180,,5,,1485673003
131235,,5,,1485649797
496978,,4.5,,1485645951
647919,,5,,1485673012
626005,,3.5,,1485645741
649949,,4,,1485645743
494789,,5,,1485645838
560970,,4.5,,1485646100
421877,,5,,1485646065
595095,,4,,1485645751
575162,,5,,1485646112
367151,,5,,1485650493
584771,,5,,1485646044
2643028,,5,,1485645853
608206,,4.5,,1485673046
592815,,4.5,,1485673183
606797,,5,,1485673042
2559575,,4.5,,1485646494
628569,,4.5,,1485673002
475443,,5,,1485645756
1290731,,4.5,,1485646001
231019,,4.5,,1485673061
445972,,4.5,,1485645898
1734156,,4.5,,1485647186
621937,,5,,1485645991
264601,,4.5,,1485645995
692518,,4,,1485645891
336207,,4,,1485646808
694983,,4.5,,1485646130
482264,,5,,1485673051
609388,,4,,1485650447
2252437,,5,,1485646298
598308,,4.5,,1485673069
38941,,4,,1485650431
625740,,5,,1485646095
402575,,5,,1485646042
255957,,5,,1485646478
594697,,4.5,,1485646907
134260,,4.5,,1485645749
2385665,,4.5,,1485646424
654325,,5,,1485650498
626757,,5,,1485649804
572739,,4.5,,1485645919
372812,,5,,1485645873
655662,,4.5,,1485647033
678508,,4.5,,1485646116
653297,,5,,1485646907
694669,,4,,1485646436
680492,,4.5,,1485646152
656651,,3.5,,1485646767
648063,,4.5,,1485646102
674814,,4,,1485646493
531069,,5,,1485645906
540160,,4.5,,1485647155
1765788,,4,,1485646181
518711,,5,,1485646919
572514,,4.5,,1485649630
588198,,4.5,,1485673049
139250,,4.5,,1485650413
648354,,4.5,,1485646088
359156,,4.5,,1485650594
511340,,5,,1485650478
425820,,5,,1485646090
550556,,5,,1485646300
1340766,,4.5,,1485646047
2142055,,4,,1485673119
398357,,5,,1485650434
674605,,4,,1485649655
594745,,4.5,,1485645999
2029037,,4,,1485650653
677018,,4.5,,1485646932
635271,,4.5,,1485646503
2540168,,4.5,,1485650475
626422,,4.5,,1485646040
2224174,,5,,1485646163
289993,,3.5,,1485649693
680890,,4.5,,1485673180
531569,,4,,1485645752
674911,,4.5,,1485649733
606976,,4,,1485649807
578666,,4.5,,1485647040
576782,,4,,1485673124
595102,,4,,1485650511
145640,,4,,1485650654
297179,,4,,1485646272
634600,,4.5,,1485649641
613116,,4,,1485649677
576515,,4,,1485649687
536199,,4.5,,1485650734
515515,,5,,1485646064
400010,,4,,1485646838
653595,,4.5,,1485645895
2394352,,4,,1485646786
237953,,4,,1485647159
588355,,5,,1485645958
478660,,5,,1485646033
614741,,5,,1485645889
544186,,4,,1485646167
593569,,4,,1485645871
654265,,4.5,,1485650698
653417,,5,,1485647172
642443,,4,,1485646114
193834,,4.5,,1485649643
338669,,4,,1485645856
593492,,4,,1485646482
607636,,2,,1485645948
648995,,4,,1485647045
571702,,4,,1485646917
526235,,4,,1485650533
617745,,4.5,,1485646038
598235,,4.5,,1485645863
555428,,4.5,,1485649662
563718,,5,,1485645867
605180,,5,,1485645908
584640,,5,,1485646470
476037,,4,,1485650690
656200,,2,,1485650530
605488,,4,,1485646006
640927,,4,,1485646904
572909,,4,,1485646925
685060,,4,,1485645772
506618,,5,,1485646285
365405,,4,,1485645845
584553,,4,,1485650537
503684,,4.5,,1485645776
606884,,4.5,,1485650727
560496,,4,,1485646290
165904,,4.5,,1485647030
1442991,,4.5,,1485646484
586890,,4,,1485646520
607547,,4.5,,1485645970
494838,,5,,1485645941
485604,,4.5,,1485646922
650031,,4,,1485645962
264744,,4.5,,1485646935
362374,,4,,1485647178
1513001,,4.5,,1485646796
589968,,3.5,,1485645965
387276,,4,,1485646289
697283,,4.5,,1485646440
565006,,4.5,,1485650737
624341,,4,,1485646946
506783,,4.5,,1485673253
563321,,4.5,,1485646283
689662,,4,,1485649631
679019,,5,,1485649652
604027,,4.5,,1485646720
698355,,5,,1485646472
2545047,,4,,1485646763
551214,,4,,1485645973
291334,,4,,1485650721
627840,,4.5,,1485645968
607547,,4.5,,1485645866
682692,,5,,1485649758
342974,,5,,1485645900
674882,,5,,1485645850
491106,,4.5,,1485647170
1667346,,4.5,,1485646189
601266,,4,,1485645912
549873,,4.5,,1485646782
533614,,4,,1485646276
649009,,4,,1485645858
481448,,4,,1485650527
619447,,3,,1485646123
680222,,4,,1485646297
595978,,4.5,,1485646523
1532840,,5,,1002811484
2685831,,4,,1002811207
607063,,5,,1002811293
694006,,4,,1002811320
475619,,3,,1002811320
157308,,4,,1002811403
629955,,4,,1002811484
2546095,,3,,1002811424
687822,,4,,1002811635
2620636,,5,,1002811635
654341,,4,,1002811713
293760,,2,,1002811713
522690,,3,,1002811684
578282,,3,,1002811731
676909,,4,,1002811684
593010,,4,,1002811601
420042,,2,,1002811684
2074627,,4,,1002811601
584546,,3,,1002811293
167557,,5,,1002811713
627973,,2,,1002811713
117699,,3,,1002811320
521069,,4,,1002811818
2375627,,2,,1002811818
165509,,5,,965665345
627417,,5,,965665264
678737,,5,,965665345
549337,,3,,965665315
2677969,,5,,965665315
606247,,2,,965665345
230279,,1,,1321323149
2410687,,2.5,,1321323242
676155,,2.5,,1321323246
629454,,2,,1321323233
679790,,3,,1321323208
418032,,2.5,,1321323223
630393,,3,,1321323217
394010,,2.5,,1321323206
551219,,1.5,,1321323180
2223401,,2,,1321323166
605540,,4,,1321323153
690825,,1.5,,1321323197
135330,,3,,1321323236
606290,,2.5,,1321323170
541252,,0.5,,1321323175
596359,,4,,1368361348
577427,,5,,1492183739
655829,,4,,1432292271
538202,,4,,1419975922
26192,,3.5,,1443037004
2435795,,4,,1367493792
608913,,4.5,,1389542613
630653,,4,,1457984514
631492,,4.5,,1395875323
606069,,3,,1437638364
325887,,4,,1399364672
537139,,3,,1383427672
623939,,5,,1390830725
2440133,,4,,1383426827
591424,,4.5,,1457984608
42746,,4.5,,1422575315
572071,,5,,1377794753
595386,,3.5,,1419008449
503491,,4,,1368361043
652968,,3,,1432292261
557308,,4.5,,1428911924
577645,,4,,1422575407
488755,,4,,1368360968
155158,,4.5,,1441827098
651478,,5,,1441464486
2056486,,4,,1458564945
360278,,4,,1368360899
574856,,5,,1460281505
416725,,3.5,,1367490414
610763,,4.5,,1422575354
591424,,3,,1422575595
470187,,5,,1441444348
632725,,4,,1399365099
481314,,4.5,,1368361221
506412,,4.5,,1367494173
592059,,4.5,,1367493785
559744,,3.5,,1459240846
603129,,5,,1367493929
322745,,4,,1431972498
596423,,4,,1422575479
279557,,3.5,,1438149944
678235,,4.5,,1415372596
609891,,4,,1437638152
588293,,4,,1368360762
637295,,4.5,,1368361180
2367155,,2.5,,1395875535
642405,,4,,1427461780
565008,,3.5,,1383427072
446279,,3.5,,1427925360
2678429,,4,,1432574941
165647,,3,,1437638287
626164,,4,,1436857187
141949,,4,,1395875521
343543,,4.5,,1491051763
288407,,5,,1367494761
2375259,,4,,1367489762
647040,,4,,1367490069
629484,,4,,1410262521
469732,,4.5,,1368361519
440591,,4,,1450250366
634928,,2.5,,1427126818
444619,,4,,1427925313
557938,,3.5,,1419008582
586054,,3,,1457984670
626469,,3,,1427358987
2388623,,5,,1367489443
412025,,3,,1399364961
542602,,4,,1377794820
495776,,4,,1367494460
698205,,4.5,,1399364771
694981,,4,,1367490291
585212,,4,,1449908670
555636,,4,,1367489512
622038,,4.5,,1427925256
576423,,4,,1427925608
678623,,3,,1395875056
556821,,4.5,,1415255846
578823,,3,,1432574954
387359,,4.5,,1419008551
675671,,3,,1449909107
647200,,3.5,,1479915630
2533297,,3.5,,1441464597
1474869,,4,,1447933443
513368,,4,,1367493773
631613,,4.5,,1457984384
689990,,4,,1368361378
1689069,,4,,1432319821
539328,,4,,1442771375
484787,,4.5,,1368360914
609596,,3,,1368361598
604901,,4.5,,1450250744
646903,,3.5,,1441464859
423474,,3.5,,1469959367
624256,,3.5,,1368360796
520092,,3.5,,1368361152
320661,,3.5,,1368361011
484768,,3.5,,1377794999
647983,,3.5,,1447933701
601360,,3.5,,1395875049
526073,,3.5,,1383427323
561740,,4,,1450250500
598235,,5,,1368361470
649189,,4,,1427359763
692219,,3.5,,1462384936
627185,,4,,1395875211
587772,,5,,1368361657
388484,,4,,1383427403
347809,,4,,1367490338
169700,,3.5,,1471149885
599423,,4,,1457984475
542423,,4,,1439661499
533321,,4,,1439661464
493793,,5,,1367493755
573834,,4,,1367494428
630240,,3.5,,1367493944
566553,,3.5,,1377793548
483108,,3.5,,1395875159
490024,,3.5,,1399364304
655484,,2.5,,1422575166
537322,,4,,1451815490
589332,,3,,1447933656
585762,,4.5,,1367493779
621414,,4,,1367494436
576298,,4,,1422575131
507386,,3.5,,1367494724
525217,,4,,1367493985
677270,,4,,1457984490
683427,,3,,1368361253
633472,,4,,1399132509
548871,,3.5,,1462384958
596306,,5,,1368361186
629039,,4,,1427461599
576856,,4.5,,1449908714
621883,,3.5,,1447677524
554691,,3,,1462385011
2396471,,4,,1383427643
656607,,4.5,,1367495603
467144,,5,,1367494322
351903,,4,,1368360927
610326,,2,,1377793597
646636,,4,,1367493947
656323,,4.5,,1368360735
2521865,,4.5,,1367494790
465629,,4,,1422575652
165647,,3.5,,1399364512
413891,,3.5,,1367494332
634193,,5,,1485882045
693744,,5,,1377793562
570671,,4,,1476204990
555498,,4,,1368361171
546609,,4.5,,1395875132
633902,,4,,1441464660
515349,,3.5,,1450250450
2638532,,3.5,,1383426705
638503,,3.5,,1415381507
676785,,3.5,,1367494281
645866,,3,,1427925990
1766513,,3.5,,1399364815
554362,,3.5,,1422575527
2470326,,3,,1462384898
2009279,,3,,1476204974
686564,,2.5,,1395875395
336277,,4,,1367494391
2588201,,4,,1383426601
268883,,4,,1450250586
496373,,3.5,,1460021148
509258,,4,,1403884190
638411,,5,,1368360935
605306,,4,,1427925942
469425,,5,,1457984473
392994,,3,,1396525646
697868,,4,,1395875613
487607,,4,,1476204938
498828,,3,,1383427567
632379,,4,,1422575488
632143,,4.5,,1367495587
618989,,5,,1367493748
652945,,2.5,,1427925457
691026,,4,,1368361649
593206,,3,,1449908989
656576,,3.5,,1422575534
586011,,4.5,,1368361070
418218,,4,,1367495441
579537,,5,,1437638083
629893,,3.5,,1427461568
612199,,3,,1403884271
2292724,,3,,1392921435
684055,,3.5,,1368361245
508759,,4.5,,1415255886
300819,,5,,1367490140
575380,,3.5,,1420877645
618513,,4.5,,1368361499
545387,,4.5,,1367494939
126812,,4,,1367495370
375993,,5,,1484694694
624196,,4,,1368361532
50487,,4,,1427461548
631953,,3,,1484940834
2363863,,3.5,,1444895660
597627,,3,,1420368098
472327,,2.5,,1395875359
692500,,4,,1367494261
560207,,3.5,,1367493805
523061,,5,,1367494210
636422,,5,,1484940508
697578,,3.5,,1450250613
688451,,4,,1368361432
614556,,4,,1368361333
617531,,4.5,,1419976882
571946,,4,,1399364640
59370,,3,,1367490662
646120,,3,,1449908941
45462,,3.5,,1410900477
584532,,4.5,,1400778725
518126,,4,,1367494956
623168,,3.5,,1485608382
584195,,3.5,,1367490797
2528352,,3.5,,1376551959
685206,,2,,1434807291
1870830,,3,,1436159896
632037,,3.5,,1399132434
623948,,3.5,,1418416347
505967,,3.5,,1449908792
588179,,4.5,,1457339496
542748,,3.5,,1458564697
286338,,4.5,,1419008542
2332934,,3.5,,1443041265
2302925,,4,,1403884300
531569,,4,,1449908060
2610837,,5,,1471149765
558965,,4,,1419975973
554729,,3.5,,1459978672
441421,,3.5,,1443571928
560047,,3.5,,1454073097
690057,,4.5,,1395874025
694848,,4,,1399364169
433794,,3,,1449908932
25629,,3.5,,1400780544
70495,,4,,1400780979
395373,,5,,1428660053
596535,,4.5,,1407837339
259662,,3,,1454673207
643484,,3,,1427924977
2497090,,3,,1476831417
504819,,2,,1449909090
618124,,3,,1419975992
545118,,3.5,,1451059155
617296,,3,,1443572068
347365,,4,,1476831446
602595,,3.5,,1462032838
582514,,4.5,,1454073092
1521540,,4,,1484940599
324332,,2,,1441464786
563022,,3.5,,1441464052
441000,,3,,1427126471
74734,,4,,1431895251
507221,,5,,1437763505
2593689,,3.5,,1441464104
533054,,4,,1448541954
569694,,3.5,,1441464078
675442,,3.5,,1441464085
371439,,4,,1441464091
651040,,2,,1441444477
2686578,,3,,1450249210
657184,,4,,1455915169
89895,,4.5,,1470086217
475699,,3,,1491743748
681352,,4,,1484694727
443989,,4.5,,1485337923
108589,,2.5,,1491733987
396633,,5,,1240086167
366524,,5,,1242865736
649248,,4,,1240085724
569737,,5,,1240086015
587555,,4,,1240086393
546861,,4.5,,1240086434
540605,,4,,1240086195
445230,,5,,1240086327
618131,,5,,1240086133
557504,,5,,1240086628
1474869,,5,,1240085802
647684,,5,,1240085813
590836,,4.5,,1240085931
541232,,4.5,,1240085705
656826,,4.5,,1240086656
384266,,4.5,,1240086364
611517,,3.5,,1240086023
596347,,3.5,,1240085745
558212,,4.5,,1240086633
493879,,5,,1241979525
476629,,4,,1240086569
1729319,,5,,1240086557
339853,,5,,1240086535
559991,,4,,1240086546
689265,,5,,1241979660
689485,,5,,1241979641
646998,,4,,1241979571
135331,,3,,1241979553
579619,,5,,1241979542
548321,,5,,1241979464
606300,,5,,1241979447
506038,,5,,1241979456
681746,,1,,1111936910
584038,,5,,1111937009
365631,,4,,1111936871
596527,,0.5,,1111936884
681528,,4,,1111937058
651850,,1,,1111936893
587349,,3,,1111936890
680973,,0.5,,1111937012
571716,,1,,1111936857
149680,,3.5,,1111937085
622935,,1,,1111936854
635716,,4,,1111936914
544627,,2.5,,1111936922
586652,,1,,1111936875
174094,,4,,1111936911
580688,,3,,1111936887
549078,,5,,1111937096
690198,,2.5,,1111936882
545119,,5,,1111936918
422530,,4.5,,1111937052
630497,,3,,1111936859
601133,,0.5,,1111936992
501487,,0.5,,1111937064
632378,,2,,1111936862
650108,,1.5,,1111937004
71723,,1,,1111937047
2364471,,3,,1111936999
636420,,4.5,,1111937002
695516,,3,,1111937056
574819,,3,,1111937062
523239,,3.5,,1111937016
555674,,1.5,,1111937044
350929,,2,,1111937049
591942,,3,,1111936990
582709,,4,,1111936849
616851,,4.5,,1111936995
602830,,4,,1111937038
656165,,4.5,,1111936906
644863,,4,,1019516059
674214,,4,,1019516095
551724,,5,,1019516074
632148,,4,,1019516124
402200,,4,,1019516095
633231,,4,,1019516112
504231,,4,,1019516045
575287,,3,,1019516178
132123,,3,,1019516074
469499,,4,,1019516112
626579,,3,,1019516095
600844,,4,,1019516178
549862,,4,,979869938
541123,,3,,979974023
612255,,4,,979870499
267619,,3,,979870379
550866,,3,,979974163
553655,,4,,979870629
563027,,3,,979870091
1902240,,3,,979870852
563418,,4,,979974219
694428,,3,,979870012
540513,,5,,979869938
560636,,4,,979870484
400759,,3,,979870580
642627,,4,,979870039
306886,,5,,979869845
607613,,3,,979870714
1486048,,2,,979871159
683792,,5,,979870539
583775,,2,,979870775
545255,,3,,979869845
500006,,4,,979974460
648995,,5,,979870144
2503273,,3,,979870744
623562,,5,,979870012
642067,,5,,979972507
587391,,4,,979871047
611517,,4,,979870988
627160,,4,,979869871
567048,,3,,979870714
482766,,4,,979871026
563503,,3,,979973260
566339,,4,,979870291
291005,,2,,979870759
589525,,3,,979870108
483267,,3,,979870580
38187,,3,,979973296
683618,,4,,979869981
156594,,5,,979972507
586132,,3,,979870815
633380,,4,,979870091
602471,,4,,979874598
588583,,4,,979870179
543557,,5,,979869871
601122,,4,,979870484
689527,,4,,979870500
645334,,4,,979869981
360747,,3,,979974007
443731,,5,,979869871
2494507,,4,,979870179
147168,,4,,979870663
472602,,4,,979870196
589948,,4,,979870815
525870,,3,,979870865
579717,,5,,979870760
2585330,,4,,979974007
528971,,4,,979870897
520525,,4,,979870580
559651,,2,,979870832
694698,,3,,979870218
2585285,,3,,979870179
692320,,3,,979974387
568973,,4,,979871026
311877,,4,,979870815
631749,,3,,979870361
310646,,2,,979870539
296904,,5,,979870500
348986,,4,,979973816
553325,,4,,979870307
170943,,2,,979870243
2472995,,3,,979870897
592939,,4,,979870179
499027,,3,,979871159
651886,,4,,979869604
2614277,,4,,979870975
1465407,,4,,979870910
599795,,3,,979870650
621906,,5,,979870922
585354,,3,,979870897
602448,,2,,979870484
589956,,5,,979869871
444713,,4,,979971320
635774,,2,,979871026
348771,,4,,979870614
380341,,5,,979870599
551886,,4,,979870278
549751,,4,,979871047
117435,,3,,979871124
645433,,4,,979870865
634200,,3,,979870039
647986,,3,,979870315
103535,,4,,979974428
609527,,5,,979869887
677873,,4,,979974511
598089,,3,,979870988
2143312,,5,,979869912
531287,,3,,979869799
647054,,5,,979869961
465430,,3,,979870218
604614,,4,,979871047
563877,,5,,979870361
2612728,,4,,979870944
514934,,3,,979870629
514078,,4,,979974023
638414,,3,,979871026
688379,,3,,979870512
409540,,3,,979871124
483997,,5,,979972491
632823,,5,,979972761
545951,,5,,979875257
474740,,3,,979870731
648091,,4,,979869961
2046324,,4,,979971397
690631,,2,,979871072
495324,,3,,979870910
598321,,5,,979870091
622117,,3,,979972545
655113,,4,,979971355
537698,,5,,979972559
549078,,4,,979972739
469977,,2,,979971920
649863,,5,,979869912
444619,,5,,979875231
543683,,4,,979972073
327997,,3,,979870243
474667,,4,,979971355
681302,,4,,979971972
227491,,2,,979870463
84541,,4,,979972595
379336,,3,,979974444
633206,,5,,979972507
465730,,5,,979973859
699127,,4,,979870327
632231,,4,,979971397
674502,,4,,979971563
589302,,4,,979870144
561674,,3,,979870744
602032,,5,,979972507
546250,,5,,979974204
680894,,4,,979973281
2238424,,4,,979971355
613152,,4,,979971476
650085,,4,,979972725
643970,,4,,979972693
383303,,4,,979972708
683054,,5,,979875221
647432,,4,,979974219
604498,,5,,979869887
614172,,4,,979972545
656217,,4,,979972708
178118,,4,,979971503
433508,,5,,979972491
687861,,5,,979875242
379861,,5,,979971258
263150,,5,,979971258
676010,,5,,979973219
588293,,4,,979971454
612822,,4,,979869887
1878648,,5,,979972529
503154,,3,,979971454
630722,,4,,979971339
607607,,4,,979870361
592632,,4,,979870196
180976,,4,,979971476
649444,,5,,979972708
516653,,4,,979870129
1877015,,5,,979971476
273731,,5,,979971301
684854,,5,,979971339
634070,,4,,979973313
613717,,4,,979974341
2239766,,4,,979870512
378825,,4,,979971355
1609002,,3,,979870512
561271,,4,,979972575
607849,,3,,979971753
612210,,4,,979972739
234068,,4,,979974412
583186,,5,,979971339
551115,,4,,979974428
552142,,3,,979971487
574512,,4,,979971540
630734,,4,,979971823
654265,,4,,979971301
233153,,3,,979971634
518029,,5,,979972725
600749,,4,,979971682
621906,,4,,979971371
29639,,2,,979972421
545758,,2,,979972382
603410,,3,,979971713
2078768,,4,,979869912
2146013,,5,,979870580
544745,,3,,979870108
588540,,4,,979870816
2505501,,3,,979972198
535755,,3,,979971823
307061,,4,,979974219
588128,,4,,979972028
409091,,1,,979972382
624585,,4,,979972575
578497,,3,,979972447
630924,,3,,979870055
557053,,5,,979971339
983970,,3,,979870731
427390,,3,,979874587
629060,,4,,979870055
599907,,4,,979870629
510402,,4,,979870339
384866,,4,,979870307
685557,,2,,979871142
2551797,,4,,979870409
624259,,3,,979870944
689280,,4,,979871142
2668550,,3,,979871058
40508,,3,,979971900
1719566,,4,,979870379
631473,,4,,979874587
603791,,4,,979974257
572290,,4,,979870975
605770,,4,,979869912
590360,,2,,979870832
2517864,,5,,979973805
541478,,4,,979870157
651579,,3,,979869912
559081,,3,,979971454
521032,,4,,979869938
105523,,3,,979870639
696234,,4,,979870435
648959,,4,,979869604
683449,,4,,979870599
552648,,2,,979875337
251815,,4,,979870435
634928,,4,,979973795
470921,,3,,979870791
592939,,4,,979870551
622362,,4,,979871026
582125,,3,,979870884
686852,,3,,979870791
610220,,3,,979870218
591225,,2,,979869579
632124,,2,,979871142
627387,,4,,979870039
562561,,4,,979870463
695528,,5,,979974204
556568,,4,,979870463
696930,,3,,979972725
540513,,5,,979972708
557622,,4,,979972646
596533,,3,,979971397
494046,,3,,979971540
693812,,3,,979972059
1442215,,3,,979971371
551938,,5,,979971320
387406,,3,,979971563
511990,,4,,979973351
475901,,4,,979971430
627840,,2,,979972359
651281,,2,,979972133
530021,,2,,979972324
484312,,3,,979972258
518711,,2,,979972277
2080916,,2,,979874632
577551,,2,,979972421
596820,,2,,979972447
165733,,2,,979972402
631750,,2,,979972382
439568,,3,,979972662
625427,,2,,979972311
550853,,2,,979972469
472762,,2,,979972277
578447,,2,,979972359
483275,,2,,979972421
538916,,3,,979971563
618005,,2,,979972258
407968,,2,,979972359
511350,,4,,979971713
155984,,3,,979971900
572231,,4,,979971838
627481,,4,,979971694
684572,,3,,979871106
616542,,4,,979971838
588302,,3,,979974362
560102,,4,,979971972
597627,,5,,979869961
649720,,3,,979972277
628376,,3,,979972013
630745,,4,,979870791
675728,,5,,979971355
557155,,3,,979971454
508047,,3,,979972087
480984,,3,,979971803
694976,,3,,979971823
628180,,3,,979870379
1864086,,3,,979870663
697101,,4,,979972633
582443,,4,,979971713
578050,,3,,979972214
414258,,2,,979972339
654333,,4,,979971634
578056,,4,,979971936
629877,,3,,979971920
415969,,3,,979972311
569199,,5,,979971653
2354732,,3,,979972164
599134,,3,,979971694
568580,,2,,979974052
680273,,3,,979870379
2602235,,3,,979971563
578497,,4,,979971951
389250,,4,,979971653
608535,,3,,979971866
324338,,2,,979971866
685206,,4,,979971320
298187,,3,,979974052
543417,,3,,979972258
629484,,4,,979971682
532988,,4,,979870580
586324,,4,,979871124
488195,,4,,979870399
495762,,4,,979870108
289753,,4,,979974163
565469,,3,,979870629
547593,,4,,979869579
612355,,4,,979971753
591588,,3,,979870816
387537,,5,,979870435
593320,,3,,979870852
612607,,4,,979870196
530514,,5,,979870218
599432,,4,,979869961
642600,,3,,979870760
227401,,3,,979870039
2035574,,4,,979869938
598351,,5,,979874517
142935,,3,,979971503
684180,,3,,979870179
338806,,2,,979972447
637388,,4,,979972028
682391,,5,,979875167
539232,,4,,979875167
614300,,3,,979972087
488364,,3,,979971993
575365,,3,,979972087
550725,,3,,979972339
268823,,2,,979972359
626966,,3,,979972402
611595,,2,,979972469
540055,,2,,979972469
621370,,3,,979870268
548839,,5,,979973281
541231,,5,,979869981
696329,,2,,979972228
630868,,4,,979972028
504021,,3,,979972339
591655,,4,,979972073
2072166,,4,,979974475
490284,,2,,979972240
235258,,4,,979972240
402200,,3,,979972311
600814,,3,,979972059
110881,,4,,979972013
281656,,4,,979971881
104772,,3,,979972402
174155,,5,,979971803
574815,,5,,979870268
559382,,2,,979870399
597726,,3,,979972311
687574,,4,,979972013
590353,,2,,979972469
625530,,3,,979972277
552656,,2,,979971881
89188,,4,,979971823
679232,,3,,979972228
503926,,3,,979971753
491011,,4,,979972109
127580,,3,,979972214
1850818,,3,,979972109
606344,,2,,979870959
632473,,4,,979870055
616457,,5,,979869579
634966,,3,,979870614
285050,,3,,979870731
676333,,4,,979870852
101414,,4,,979869922
2567571,,3,,979870463
555765,,3,,979972176
629081,,4,,979972646
696265,,3,,979971781
586979,,3,,979972311
2686365,,3,,979972447
376280,,4,,979972633
2095379,,3,,979870975
653942,,4,,979870196
582879,,4,,979870039
623919,,4,,979974511
2322342,,4,,979869981
595041,,2,,979974387
637089,,3,,979870944
589565,,4,,979870884
2459292,,3,,979971503
1715896,,3,,979972043
505754,,4,,979971838
118098,,4,,979972214
656353,,3,,979971563
621693,,3,,979971397
594359,,3,,979971371
371679,,3,,979971823
357851,,4,,979971972
519115,,2,,979972422
85216,,2,,979972422
2618352,,4,,979870012
577148,,3,,979871124
2419081,,2,,979870599
621676,,3,,979870714
330682,,4,,979971521
354895,,4,,979874613
558909,,4,,979972133
80001,,4,,979973351
636408,,4,,979971653
625185,,3,,979972292
387276,,3,,979972402
641112,,4,,979972529
332945,,5,,979874506
384636,,4,,979974460
508615,,2,,979972422
342974,,3,,979870291
654671,,3,,979870910
489137,,2,,979972198
340850,,2,,979972402
2540168,,4,,979870069
410666,,3,,979971540
607547,,3,,979870663
2047575,,3,,979971397
578026,,4,,979971371
406753,,2,,979971575
587294,,4,,979972013
601008,,2,,979972133
593903,,3,,979972725
595495,,4,,979972311
506185,,4,,979870327
682041,,4,,979973919
675750,,4,,979869912
517263,,2,,979971563
327224,,4,,979870959
653770,,3,,979971682
627520,,4,,979971521
676010,,4,,979972043
2419926,,3,,979971972
291159,,3,,979972646
572952,,5,,979973247
603053,,3,,979870055
354173,,4,,979972164
359958,,2,,979972258
524466,,5,,979971416
629490,,4,,979972059
575258,,4,,979972618
425772,,3,,979972447
572730,,3,,979972469
446440,,4,,979870179
472284,,4,,979870361
466800,,3,,979971521
622505,,3,,979869579
1895399,,4,,979974362
621890,,2,,979871159
597817,,2,,979971881
592322,,4,,979971634
596521,,4,,979870218
555925,,4,,979971803
651660,,3,,979971753
589894,,3,,979870144
1694120,,3,,979870339
2487990,,4,,979973247
613667,,4,,979870690
626139,,3,,979972607
653244,,4,,979971866
1969081,,3,,979870253
577035,,4,,979870379
2045440,,3,,979870463
594454,,4,,979870268
655878,,5,,979974444
683054,,4,,979971476
558839,,3,,979870463
359460,,3,,979974219
2357806,,3,,979973015
649840,,3,,979870731
582536,,4,,979973782
604901,,4,,979870816
655115,,3,,979971866
1078701,,3,,979972559
442530,,3,,979972109
2572441,,5,,979973331
507344,,4,,979870884
549334,,4,,979870599
240186,,4,,979973351
611407,,3,,979870865
612891,,4,,979870791
625027,,3,,979870690
592951,,4,,979870435
534014,,2,,979870580
634435,,4,,979870243
557911,,2,,979973004
687160,,2,,979973065
372172,,4,,979973039
630479,,2,,979972983
687283,,2,,979972968
521631,,3,,979972837
609383,,3,,979972968
647220,,4,,979972983
647425,,2,,979973065
192680,,4,,979972900
643118,,4,,979973930
676064,,4,,979971487
531569,,3,,979971320
529458,,4,,979972595
550802,,2,,979870463
694081,,3,,979972277
654867,,2,,979972109
486511,,3,,979972382
598662,,3,,979972198
599423,,4,,979972559
545803,,3,,979971781
521051,,4,,979972968
2394090,,3,,979971920
574865,,4,,979870055
590436,,4,,979972559
541769,,3,,979971540
574845,,4,,979971866
2622627,,4,,979971416
605692,,2,,979972324
632613,,3,,979974023
539994,,4,,979972109
628725,,4,,979971900
569107,,4,,979870975
533140,,3,,979973026
145130,,2,,979870714
546830,,3,,979971803
336037,,4,,979971713
554729,,4,,979972887
542547,,2,,979874613
649027,,3,,979974037
545916,,4,,979972595
2622627,,3,,979870253
1534494,,2,,979870852
628008,,3,,979971682
692525,,4,,979869767
2650555,,3,,979869767
649413,,3,,979971920
645698,,3,,979971521
546754,,4,,979971766
612757,,3,,979972931
2642830,,3,,979971416
605372,,5,,979971563
28787,,2,,979874546
583532,,3,,979869767
683054,,4,,979869767
548190,,3,,979971936
610461,,1,,979874632
619478,,3,,979971634
602944,,3,,979871159
2647043,,4,,979869799
2615849,,4,,979874572
522840,,3,,979972950
591869,,4,,979972992
626700,,3,,979972662
643200,,3,,979869604
686365,,4,,979972693
646020,,4,,979972545
2694788,,4,,979974341
1766102,,5,,979973940
2579817,,4,,979972028
572976,,3,,979972402
495876,,3,,979972359
551938,,2,,979972447
656190,,4,,979972043
496564,,3,,979971682
560024,,4,,979972662
416276,,2,,979971371
539774,,4,,979971972
2297896,,3,,979972164
593492,,3,,979972214
492851,,2,,979869810
409651,,3,,979874572
2612725,,4,,979869767
2140300,,1,,979869767
53895,,2,,979869799
692805,,2,,979972382
646691,,4,,979869799
1930254,,4,,979869767
340399,,4,,979870944
578722,,3,,979971900
2626410,,3,,979869767
646120,,4,,979971540
253579,,4,,979973230
245605,,4,,979972877
242636,,2,,979972292
653356,,2,,979972382
691926,,2,,979972109
258042,,2,,979972339
549160,,3,,979972968
609097,,3,,979874546
676320,,4,,979874572
632125,,3,,979973065
438551,,1,,979869724
526659,,5,,979874517
558440,,3,,979971951
529201,,3,,979874587
626712,,4,,979971781
581410,,3,,979874530
613208,,4,,979971920
1738582,,3,,979869674
693910,,4,,979869689
619964,,3,,979869709
117544,,5,,979869674
677154,,3,,979874613
565275,,3,,979874530
406846,,4,,979870069
587696,,3,,979874546
698170,,4,,979874572
598757,,3,,979874613
324268,,3,,979972013
2545923,,3,,979971476
1345808,,3,,979971653
550909,,3,,979972164
323480,,3,,979972292
618998,,4,,979971972
349219,,3,,979971397
437171,,2,,979972359
582009,,3,,979972422
572413,,4,,980469335
536593,,3,,980469320
385341,,2,,979972311
525869,,3,,980469320
585668,,4,,979971540
1990127,,3,,980469303
677744,,3,,838419351
585790,,3,,838419184
656455,,2,,838419248
645499,,4,,838419248
601783,,3,,838419408
538232,,3,,838419381
615249,,3,,838419085
630052,,4,,838419113
536698,,3,,838419263
388708,,3,,838419159
465421,,4,,838419184
536926,,3,,838419248
621004,,3,,838419136
588556,,3,,838419159
561476,,4,,838419085
582033,,3,,838419248
625615,,5,,838419136
625722,,3,,838419184
634879,,3,,838419113
2612069,,5,,838419201
652680,,4,,838419248
622900,,3,,838419278
137873,,3,,838419159
696671,,3,,838419221
562448,,3,,838419313
607442,,3,,838419335
607151,,3,,838419313
651775,,4,,838419313
721259,,4,,838419113
241166,,4,,838419084
601280,,3,,838419084
634648,,4,,838419159
529991,,4,,838419335
649607,,4,,985047440
582108,,4,,985047532
508934,,4,,985047532
489410,,3,,985047480
684357,,3,,985047480
680018,,3.5,,1201213305
537606,,3.5,,1201203291
36385,,0.5,,1201203264
564898,,4,,1201203293
606930,,3,,1201202615
649506,,4.5,,1201214142
1105628,,2.5,,1201202612
382095,,5,,1201203111
400145,,4,,1201203400
605131,,0.5,,1201203102
566185,,4,,1271574589
380435,,4.5,,1201213505
597078,,1.5,,1201213333
626403,,4,,1271574612
523392,,3.5,,1271574665
548741,,4.5,,1271574561
518244,,4.5,,1201203261
533311,,5,,1201203273
657184,,4.5,,1271574148
634833,,5,,1201213528
541108,,4.5,,1201213493
1818673,,3,,1201213516
593443,,5,,1201202461
639993,,4.5,,1201217203
646071,,4,,1201213240
675728,,5,,1201203255
399453,,5,,1271574205
649261,,4.5,,1201203258
1638425,,4,,1201213512
607118,,4.5,,1201213475
431251,,4.5,,1201217198
2451726,,4.5,,1201213594
484301,,4,,1201213599
438323,,4,,1271574236
2485582,,4,,1271574638
624427,,3.5,,1271574319
558121,,2.5,,1201202455
687757,,3,,1201213642
692603,,3.5,,1201202551
2644404,,3.5,,1201213579
366987,,4.5,,1201217124
600945,,3.5,,1201213309
2039810,,4,,1201202621
572765,,3,,1201213224
190930,,3,,1201213587
598495,,0.5,,1201202637
597737,,5,,1201205187
293454,,4,,1201213608
2198952,,3.5,,1201202549
632546,,3.5,,1271574585
577126,,4.5,,1271574646
330067,,4,,1201213634
694246,,3.5,,1201213458
648365,,3,,1271574576
884652,,5,,1201202808
527225,,4.5,,1201202633
578395,,4.5,,1201202464
502131,,3,,1201213341
568551,,4.5,,1271574363
472616,,5,,1201204725
689217,,3.5,,1201213165
493876,,0.5,,1201203170
515938,,1,,1201213610
623210,,3.5,,1201202453
669530,,3,,1201202556
557085,,5,,1271574471
586854,,4,,1201202561
379311,,2.5,,1201213345
365661,,3.5,,1201202432
602858,,4.5,,1201204717
569944,,0.5,,1201213513
2327472,,4,,1201203393
111512,,3,,1271574323
554083,,4,,1201202443
2638403,,4,,1201213469
527306,,3.5,,1201214137
644369,,4.5,,1201203396
552228,,3.5,,1201213351
137873,,4,,1201213246
560114,,0.5,,1201213519
1822731,,4,,1392410191
467396,,4.5,,1392410239
1587817,,4.5,,1392410182
605905,,4.5,,1392410194
1644266,,4.5,,1392410188
611565,,4,,1392410257
2627491,,4,,1392410220
633722,,4.5,,1392410199
599297,,3,,1392409322
154125,,4,,1392410235
1778145,,3,,1392409073
497130,,4,,1392410223
268817,,3,,1392409544
2146013,,4,,1392410253
633865,,3.5,,1392409598
695070,,3,,1392409675
2581822,,3,,1392409663
573242,,4,,1392409612
656826,,3,,1392409624
616407,,2.5,,1392410062
686003,,3.5,,1392410115
545245,,3,,1392409977
181861,,4.5,,1392410205
595345,,3,,1392409368
606047,,4.5,,1392410262
564821,,3,,1392410075
335264,,3,,1392409773
562783,,3,,1392409885
624679,,4,,1044020781
616407,,3,,1044020005
623099,,1,,1044020128
1942491,,3,,1044020481
517481,,2,,1044020491
636547,,2,,1044020005
2049668,,4,,1044019988
698399,,5,,1044020143
380239,,4,,1044020621
287432,,4,,1044020653
549106,,5,,1044020743
628328,,4,,1044020781
146455,,2,,1044019988
612254,,5,,1044020240
1490624,,2,,1044020128
1986180,,5,,1044020721
564944,,5,,1044020793
2572145,,4,,1044019988
556898,,5,,1044019964
579098,,5,,1044020721
648194,,4,,1044020781
611329,,5,,1044020099
2148681,,4,,1044020721
649025,,3,,1044020601
675383,,3,,1044020143
2248789,,4,,1044020764
101634,,5,,1044019964
2218789,,4,,1044020527
204746,,2,,1044020642
537335,,5,,1044020754
513172,,5,,1044020527
627184,,1,,1044020100
2608828,,5,,1044020743
443540,,5,,1044020538
694246,,2,,1044020143
37652,,5,,1044020642
2451523,,4,,1044020653
633243,,4,,1044020621
511228,,5,,1044019988
628341,,3,,1044020667
549190,,2,,1044020169
2010245,,4,,1044020682
610992,,5,,1044020563
696514,,2,,1044020196
545991,,2,,1044020128
680878,,5,,1044020667
144448,,1,,1044020218
1993672,,4,,1044019988
130034,,3,,1044020879
573503,,1,,1044020022
554290,,2,,1044020869
353617,,3,,1044020889
651495,,2,,1044020869
435287,,2,,1044020907
586518,,5,,1044020754
2452606,,4,,1044020840
485980,,3,,968585802
555930,,4,,968585731
535037,,5,,967845749
656642,,5,,967986311
682483,,3,,967845628
592684,,4,,967845684
483371,,5,,967845749
2648206,,4,,967845886
604061,,5,,967845749
258538,,4,,968585885
534318,,5,,968585924
203707,,4,,967805247
566675,,5,,968585731
604258,,3,,967805247
576423,,5,,967845628
500068,,4,,967845749
529349,,5,,967845886
651008,,4,,967986210
437747,,3,,969463524
685861,,4,,968585802
430020,,4,,968585802
588590,,5,,969914504
389853,,5,,967845749
490164,,5,,967986166
523271,,3,,967986660
584749,,4,,969463524
279085,,4,,967986311
531397,,5,,967845684
416725,,4,,967845684
616870,,4,,967805203
2615849,,4,,967845749
2662742,,4,,967986210
491636,,5,,976916140
588203,,4,,967845886
368195,,4,,967845886
656622,,4,,967805157
629506,,4,,968585802
487543,,4,,967845800
582154,,4,,968585802
478279,,3,,968585802
630182,,4,,968585731
631583,,4,,967805157
629461,,5,,976916388
597937,,4,,967805247
697253,,3,,968585802
178258,,5,,967845838
595010,,5,,967805247
623210,,4,,969103582
618710,,3,,968585885
601133,,4,,968585802
608238,,4,,969224011
546019,,4,,968322102
311401,,5,,968585845
629976,,5,,967845749
681152,,3,,968585885
467381,,3,,968962990
582768,,3,,967986529
570177,,3,,968963058
536471,,4,,969013651
522087,,3,,967986772
1340760,,5,,967845749
692850,,3,,967986581
587195,,5,,967845684
675915,,4,,967986529
595342,,3,,967986874
613390,,4,,967805157
551058,,4,,967805157
655416,,3,,967986660
113295,,4,,968667715
656934,,4,,968585731
67785,,3,,967986874
527505,,3,,967986874
612842,,4,,968605813
465009,,2,,967987015
645792,,4,,967986724
685236,,4,,968585731
290757,,4,,967845587
416860,,3,,967986772
431014,,4,,967986529
686286,,5,,967986529
474677,,3,,967986724
579372,,4,,967986724
643118,,3,,972213302
693387,,5,,967845800
630165,,4,,967986991
2377769,,3,,967986991
693058,,3,,967986529
614730,,3,,968963058
574849,,3,,968494611
2648206,,5,,967986991
266744,,4,,967986529
574057,,4,,967845886
485885,,4,,967986660
684098,,4,,968585731
486145,,4,,967986724
548926,,3,,976916436
152671,,3,,967986581
356535,,4,,967845838
584813,,5,,967845838
682717,,5,,967986311
339519,,5,,976916071
596406,,4,,969463455
689952,,4,,967986874
594880,,4,,971730793
633219,,4,,968585845
353368,,4,,968322057
382879,,4,,976916260
549586,,4,,972213175
2298895,,3,,976916039
621676,,4,,967986127
546609,,4,,978175559
647348,,4,,967986581
2425156,,5,,978175338
279747,,4,,977499560
2375627,,3,,967986127
542622,,4,,977056288
541231,,3,,968668053
431071,,4,,968667975
608196,,4,,967805203
635924,,3,,968668015
530567,,4,,1328850462
563675,,4.5,,1328850488
2446694,,4.5,,1328850511
536649,,3.5,,1328850569
407428,,4.5,,1328850493
574259,,5,,1328850590
611195,,4.5,,1328850594
595672,,3,,1328850542
638358,,5,,1328850546
606170,,5,,1462268999
631851,,2.5,,1462269073
536906,,5,,1462996911
674808,,2,,1462997142
649604,,1.5,,1462997136
538221,,3,,1462997139
582474,,4,,1462996897
398529,,5,,1462996833
2623196,,3,,1462269075
643514,,5,,1462301823
542692,,5,,1462301994
575798,,3,,1462996891
696678,,5,,1462301636
2620661,,3,,1462997096
586962,,5,,1462301885
596805,,4,,1462269077
616439,,5,,1462269013
541995,,2.5,,1462996855
654925,,4,,1462301806
318289,,2.5,,1462997113
421221,,4,,1462293950
692625,,4,,1462996858
611162,,3,,1462996862
2215898,,5,,1462295613
627285,,3,,1462996866
570550,,4,,1462293956
2026585,,4,,1462293971
528261,,5,,1462269071
587722,,4,,1462997102
576413,,4,,1462997112
2545413,,5,,1462996852
636653,,4,,1462301807
268127,,4,,1462997036
175447,,5,,1462269072
632633,,3,,1462293961
470331,,5,,1462269070
501945,,5,,1462302091
608198,,3,,1462996909
597391,,3.5,,1462301773
573460,,4,,1462997210
604340,,3.5,,1462301365
2341839,,3,,1462301914
613667,,4,,1462269042
110881,,3.5,,1462269031
551340,,5,,1462269039
627500,,3,,1462269040
695729,,4.5,,1462997192
587659,,4.5,,1462269045
2694424,,4,,1462269046
2265234,,3.5,,1462301858
486511,,5,,1462295496
582311,,5,,1462269033
2248243,,4,,1462301508
625953,,3.5,,1462301631
296911,,3,,1462301890
674594,,5,,1462301401
600814,,4,,1462301827
558440,,4,,1462301876
646539,,5,,1462301384
502452,,3,,1462301425
678474,,5,,1462301356
656988,,2.5,,1462301497
587297,,5,,1462301878
407371,,4,,1463088176
594547,,4,,1462301418
2229785,,4,,1462301412
2574281,,4,,1462997032
530853,,5,,1462301389
627401,,5,,1462301408
319073,,3,,1462301766
613116,,5,,1462301387
290914,,4,,1463088136
226374,,4,,1462301725
617850,,5,,1462301797
588058,,4,,1462997189
675253,,3.5,,1462997149
2613225,,5,,1462301754
271346,,5,,1462301841
33387,,5,,1462301612
699628,,4,,1462301395
575480,,3.5,,1462301795
687348,,4,,1462301702
596137,,5,,1462301990
294679,,5,,840451766
1503056,,3,,840451964
2155857,,4,,840451856
358808,,4,,840452088
699007,,3,,840450897
1962062,,3,,840451812
617925,,4,,840451538
559903,,5,,840451592
602711,,4,,840451713
275180,,5,,840451592
693204,,3,,840451766
141497,,5,,840451766
2265419,,5,,840451652
352102,,5,,840452089
622015,,4,,840452137
563735,,5,,840451766
313243,,3,,840451812
579283,,3,,840451713
629601,,3,,840451538
634776,,4,,840451856
618216,,5,,840452221
612690,,5,,840452221
683403,,4,,840451652
605905,,5,,840451713
610643,,5,,840451713
609192,,4,,840452088
572860,,3,,840451592
2020916,,4,,840451592
602607,,5,,840452089
609365,,5,,840451812
642201,,5,,840451856
2450650,,3,,840451964
417184,,5,,840452089
169213,,5,,840451964
497872,,3,,840451538
646581,,5,,840451856
490587,,3,,840451713
642413,,3,,840451812
546408,,3,,840451652
2436089,,5,,840452137
613107,,5,,840451812
574238,,4,,840450897
498967,,5,,840451592
691428,,4,,840451964
166342,,4,,840451538
694510,,4,,840451652
685283,,5,,840452137
1332356,,3,,1498760963
582514,,3,,1498761848
555447,,4,,1498761067
690329,,2.5,,1498761822
557594,,5,,1498761075
576251,,5,,1498760931
577915,,1.5,,1498761815
593583,,5,,1498761049
598662,,4.5,,1498760940
101279,,5,,1498760804
2083877,,4.5,,1498761607
684393,,3.5,,1498760958
696708,,2.5,,1498761805
597882,,4,,1498761850
408344,,2.5,,1498761788
585098,,4,,1498761886
606663,,2.5,,1498761238
605771,,3,,1498761825
369507,,3,,1498761808
586843,,4,,1498761829
696192,,5,,1498760736
621682,,5,,1498761835
647043,,5,,1498761034
578152,,5,,1498760847
679939,,2,,1498761812
676604,,4,,1498760745
499703,,2.5,,1498761831
2334319,,3.5,,1498761780
121000,,2.5,,1498762587
690116,,3,,1498760825
688927,,1.5,,1498761784
620269,,3,,1498761807
499881,,3,,1498761785
394384,,3.5,,1498761517
584952,,5,,1498760803
561826,,5,,1498761154
577389,,4,,1498761168
608356,,5,,1498761762
644956,,5,,1498761079
697299,,4,,1498760967
641613,,3,,1498761782
522082,,3,,1498761810
697120,,2.5,,1498761806
487681,,4,,1498760942
610637,,5,,1498760956
610287,,3,,1498760925
640393,,1,,1498762750
678090,,4.5,,1498761719
683633,,3,,1498762284
427321,,5,,1498761379
599276,,5,,1498761063
502554,,3.5,,1498762257
655484,,4.5,,1498762547
242254,,2.5,,1498762584
495881,,4,,1498761503
641265,,5,,1498760929
553404,,5,,1498760739
628190,,0.5,,1498764692
550604,,3,,1498760742
551938,,4.5,,1498761261
681799,,5,,1498761712
629454,,5,,1498761683
606143,,5,,1498762450
557650,,4,,1498761722
675728,,5,,1498761690
575733,,5,,1498762490
316082,,5,,1498760749
2477052,,5,,1498760923
605688,,5,,1498761699
685928,,2.5,,1498761701
653567,,4,,1498760927
643757,,3,,1498761015
2442685,,4,,1498764703
522381,,4.5,,1498762375
434353,,5,,1498762154
41060,,3,,1498762502
624563,,5,,1498762448
430870,,5,,1498762391
657093,,4,,1498762647
651182,,4.5,,1498762816
1513001,,4,,1498761764
368749,,5,,1498762647
365452,,4.5,,1498764444
558518,,4.5,,1498762414
652103,,5,,1498762581
1728437,,4,,1498761653
680270,,2,,1498760754
653206,,4,,1498764582
549203,,5,,1498762321
2030117,,3,,1498762157
678204,,4,,1498764478
578676,,4,,1498762626
2635505,,5,,1498762608
504819,,2.5,,1498761523
339381,,4.5,,1498762333
359149,,2,,1498761843
2570929,,5,,1498761819
545340,,5,,1498761111
2378591,,2,,1498761120
609593,,3.5,,1498761794
578815,,3,,1498761826
542050,,3,,1498761108
585454,,3,,1498764702
560067,,5,,1498761866
579362,,2,,1498761789
629029,,2,,1498761796
695919,,5,,1498762385
515938,,2,,1498761409
2153153,,4,,1498764473
559447,,4,,1498762806
328123,,4,,1498764592
241771,,1,,1498764706
564262,,4,,1498762456
599176,,4,,1498764518
695278,,3,,1498762287
675474,,4.5,,1498762771
536551,,4,,1498764453
2521865,,4.5,,1498764689
2577480,,2.5,,1498764447
605130,,5,,1498761753
293686,,3.5,,1498764488
355143,,3.5,,1498761071
604340,,3,,1498762281
339624,,4.5,,1498762693
568370,,4,,1498762639
574244,,5,,1498762561
238150,,5,,1498761044
648959,,5,,1498760746
683838,,1.5,,1498760892
384884,,3.5,,1498761144
605438,,4.5,,1498762665
574591,,4,,1498764472
234609,,2,,1498760817
505878,,5,,1498762696
566823,,4,,1498760883
608913,,5,,1498762568
648370,,4.5,,1498762411
656446,,5,,1498760852
641461,,5,,1498762684
335553,,4,,1498762710
625373,,4,,1498761165
595182,,2.5,,1498762566
629283,,2,,1498762814
560951,,5,,1498761766
256867,,5,,1498762255
570862,,5,,1498760888
2536214,,5,,1498762717
1512332,,5,,1498762453
307158,,2.5,,1498764547
148993,,4,,1498762120
2037479,,4,,1498762119
600680,,3.5,,1498761367
1777223,,5,,1498762809
650279,,4.5,,1498762839
612543,,5,,1498761356
587859,,4.5,,1498762848
694779,,5,,1498761073
604471,,2,,1498761498
646539,,5,,1498760808
607110,,3.5,,1498762548
652287,,2,,1498760889
530065,,4.5,,1498762642
629164,,3.5,,1498762802
645969,,3.5,,1498761672
578150,,1.5,,1498761364
618744,,3.5,,1498761353
645433,,4,,1498760893
2399758,,4.5,,1498760885
508025,,3,,1498761350
387446,,3,,1498761042
555020,,2.5,,1498762574
479553,,1.5,,1498761358
561674,,5,,1498762631
632487,,2.5,,1498761360
551142,,2,,1498761396
611245,,3,,1498761036
515370,,4.5,,1498760886
609605,,3,,1498760935
697948,,5,,1498760861
443950,,1.5,,1498761363
620409,,4,,1498762537
513315,,3.5,,1498761696
429212,,3,,1498760862
613191,,4,,1498760903
680009,,5,,1498760751
585900,,4,,1498762307
174468,,3,,1498762672
2620661,,3,,1498761929
590543,,3,,1498762854
650473,,2.5,,1498761945
483149,,4,,1498761935
529991,,2.5,,1498762022
648951,,2.5,,1498761942
576466,,4.5,,1498761959
697148,,5,,1498761947
617150,,4.5,,1498761951
39882,,3.5,,1498761927
556429,,5,,1498762612
554540,,5,,1498760980
613738,,5,,1498760978
630479,,5,,1498761182
484550,,1.5,,1498764647
997948,,0.5,,1498761419
470555,,2.5,,1498761180
645787,,5,,1498762007
169079,,2.5,,1498761428
613593,,1.5,,1498760788
618882,,2,,1498760854
687981,,5,,1498760782
514504,,2.5,,1498762027
553716,,2.5,,1498761968
547408,,3,,1498762178
694003,,5,,1498761188
680314,,3,,1498761088
596931,,2.5,,1498764533
618088,,2.5,,1498761974
588560,,2.5,,1498761184
1471214,,1.5,,1498761459
496542,,5,,1498761434
578497,,2,,1498761381
157310,,4.5,,1498762149
591414,,4,,1498762187
195246,,5,,1498761186
583238,,4.5,,1498760999
653848,,3.5,,1498762189
1829654,,4,,1498761710
556871,,4.5,,1498762125
1847830,,4,,1498760868
594208,,5,,1498761192
465619,,5,,1498761195
648928,,4.5,,1498762004
629921,,5,,1498761679
690733,,1.5,,1498761431
264589,,4.5,,1498761686
680541,,3.5,,1498761004
476037,,4.5,,1498761040
689095,,3.5,,1498761964
696943,,3,,1498761931
648820,,0.5,,1498761979
341470,,3,,1498762563
240389,,5,,1498761955
178072,,3.5,,1498761933
2578041,,2.5,,1498761938
505700,,1.5,,1498761250
620782,,3.5,,1498762617
578561,,3,,1498761966
682897,,1.5,,1498761263
621682,,4.5,,1498761952
228909,,2,,1498762128
556109,,3.5,,1498761948
466430,,5,,1498764558
580595,,1.5,,1498761256
567145,,3,,1498761587
481549,,2.5,,1498760822
2333156,,5,,1498762023
596805,,1.5,,1498760859
465719,,5,,1498761203
655547,,1.5,,1498760819
584771,,4,,1498762151
614262,,3,,1498764575
589441,,3,,1498760799
293989,,2.5,,1498762199
2631092,,2.5,,1498760793
2499779,,2.5,,1498761543
349515,,2,,1498760900
293989,,5,,1498761212
253250,,0.5,,1498760765
2437591,,2,,1498760764
594851,,0.5,,1498760878
544249,,5,,1386529371
629613,,3,,1386529291
361603,,5,,1386529577
587780,,4,,1386529311
542084,,3.5,,1386529314
407818,,3,,1386529319
241955,,4,,1386529424
2269480,,3,,1386529321
510068,,3.5,,1386529301
1757548,,5,,1386529570
117544,,5,,1386529417
588251,,5,,1386529611
441393,,4,,1386529326
544642,,4.5,,1386529297
601184,,4,,1386530098
240186,,4,,1386529574
504967,,4,,1386529366
2222615,,4,,1386529431
2035700,,3.5,,1386529279
1910737,,4,,1386529337
2578004,,4.5,,1386529340
631701,,4,,1386529592
542260,,4,,1386529331
108949,,4.5,,1386529526
588382,,4.5,,1386529414
317801,,4.5,,1386529367
571950,,5,,1386529422
566720,,5,,1386529580
229240,,4.5,,1386529343
549424,,4,,1386529573
635435,,4.5,,1386529509
625376,,5,,1489771043
1591013,,5,,1386529519
582833,,4,,1386530083
680626,,4,,1386530088
550813,,3.5,,1386530104
682731,,4,,1386530086
603762,,3,,1386530113
571382,,1,,965349001
646689,,4,,965349039
118213,,3,,965349001
2279538,,2,,965349039
600816,,2,,965348973
676809,,5,,965349039
505900,,4,,965349001
264164,,3,,965349039
522718,,3,,965349039
646413,,3,,965349039
554512,,3.5,,1301635308
619481,,2.5,,1301635444
474677,,3,,1301810806
575766,,4,,1301635293
259060,,2.5,,1301635409
681710,,3.5,,1301635288
645322,,4,,1301635278
305036,,2.5,,1301635382
508068,,4,,1301633675
233957,,4,,1301635283
634077,,3.5,,1301810798
506650,,3,,1301633554
507221,,3.5,,1301635365
327449,,3,,1301810795
35860,,3,,1301810790
607178,,3,,1301634174
2226202,,2.5,,1301635387
482268,,4,,1301635119
75309,,3.5,,1301635519
593798,,1,,1301635454
593010,,2.5,,1301810786
2463282,,4,,1301635298
338731,,3.5,,1301635128
532491,,2.5,,1301635402
596694,,2,,1301635379
678283,,3.5,,1301810993
685802,,4.5,,1301727950
555772,,3,,1301635303
630902,,3,,1301810982
687772,,5,,1301634937
1446954,,4,,1301635173
653661,,4,,1301728205
598285,,4,,1301633344
997948,,5,,1301633620
464525,,4,,1301634872
417547,,3,,1301633480
689050,,3,,1301635108
680080,,4.5,,1301634443
523831,,4,,1301728215
695735,,4,,1301728411
618513,,5,,1301634471
466158,,3,,1301810988
571808,,3,,1301810977
467100,,3,,1301633510
632904,,3,,1301633426
675441,,4,,1301635464
369644,,4.5,,1301635433
627217,,3,,1301728475
539262,,3.5,,1301634225
590392,,4,,1301728210
249362,,4,,1301634286
606414,,4,,1301634276
631603,,3.5,,1301635323
190780,,5,,1301634932
474495,,4,,1301635499
655625,,4,,1301635439
600916,,3,,1301635459
643770,,4,,1301635012
537942,,4.5,,1301635103
465893,,4,,1301634305
552069,,4,,1301810781
539418,,3,,1301810957
438644,,2,,1301810947
2266377,,4,,1301633650
605695,,2.5,,1301633416
2164944,,3.5,,1301635392
227833,,2,,1301810952
683144,,3.5,,1301633826
544186,,2.5,,1301635397
592059,,3.5,,1301633360
74372,,2.5,,1301810942
597234,,3.5,,1301633559
538903,,1.5,,1301810777
625913,,4,,1301633960
692897,,4,,1301633849
632633,,3.5,,1301633500
440632,,4,,1301810937
591057,,3.5,,1301635178
646313,,3,,1301810932
644871,,3,,1301810927
2577893,,2.5,,1301810913
571443,,3.5,,1301810908
552614,,4,,1301728243
625790,,4,,1301810903
482264,,4,,1301728373
687143,,3,,1301810899
584115,,3.5,,1301810772
687981,,4,,1301810893
88758,,3.5,,1301635679
235706,,2.5,,1301635449
183057,,4,,1301635168
480929,,4,,1301634927
656009,,5,,1301728324
557622,,3.5,,1301634270
405088,,3,,1301810766
202635,,3.5,,1301635065
637347,,2.5,,1301633549
490733,,3.5,,1301633528
2630087,,3.5,,1301635017
563330,,3.5,,1301635080
2626410,,3.5,,1301635422
591178,,5,,1301633774
400682,,4,,1301633495
2338290,,3,,1301633505
609383,,3,,1301810888
1908526,,4,,1301634448
636400,,4,,1301633544
524731,,3.5,,1301633980
277812,,1,,1301633475
600461,,3.5,,1301810855
602451,,3,,1301728401
108589,,4,,1301811182
486300,,3,,1301811170
627160,,3,,1301811175
678929,,0.5,,1301633428
365939,,2.5,,1301811175
642836,,2.5,,1301811160
628140,,2.5,,1301811165
2599162,,4,,1301633761
630924,,3.5,,1301633421
606335,,4,,1301634028
598308,,2.5,,1301810860
674361,,2.5,,1301811155
546632,,2.5,,1301810865
270468,,3,,1301811138
522708,,1,,1301811127
573291,,3,,1301811132
614265,,2.5,,1301810875
2338586,,3,,1301635492
630734,,3,,1301728050
441018,,3,,1301811122
578056,,3,,1301810666
609605,,1,,1301811112
545118,,2.5,,1301811117
678929,,2.5,,1301810870
444180,,3,,1301810661
37298,,3,,1301811107
2570396,,3.5,,1301634319
2412152,,2.5,,1301728610
560240,,4,,1301633812
650400,,3.5,,1301727691
588274,,4,,1301810621
651495,,1,,1301811102
651121,,3,,1301810850
544587,,2.5,,1301811085
301128,,3,,1301811090
651508,,4,,1301634011
597212,,3.5,,1301634479
563874,,3,,1301811080
623042,,3,,1301810845
2654411,,3,,1301811090
554999,,4,,1301728727
564617,,2,,1301728055
699875,,4,,1301635077
148993,,4,,1301811075
685602,,4,,1301727930
616542,,3.5,,1301811075
633824,,3.5,,1301634222
633208,,2.5,,1301811065
616613,,4,,1301634898
2298106,,4,,1301728408
600773,,4,,1301728185
620546,,3.5,,1301728010
597403,,4,,1301728543
550278,,3,,1301811060
632975,,3.5,,1301810615
570895,,3,,1301810840
171334,,3.5,,1301811070
564714,,4,,1301728378
697841,,3,,1301811055
426074,,3,,1301811052
500836,,4.5,,1301727978
682481,,4,,1301635022
679971,,2.5,,1301811032
67785,,3,,1301810811
498898,,3,,1301811040
582568,,2,,1301728062
289179,,3,,1301811028
622715,,3,,1301811022
467396,,3.5,,1301728538
376581,,3,,1301811017
591820,,3.5,,1301728509
2395804,,3.5,,1301727890
191998,,4,,1301728304
316454,,3,,1301634428
78255,,3.5,,1301728396
468720,,3.5,,1301633795
1521687,,3.5,,1301727674
588493,,3.5,,1301727746
387656,,3.5,,1392948616
584827,,3.5,,1392948250
646953,,3.5,,1392948322
552822,,3.5,,1392948469
558702,,4,,1392948304
587594,,4,,1392949486
604110,,3.5,,1392949307
110175,,3.5,,1392948551
614073,,4.5,,1392949294
642785,,4,,1392949309
549143,,3.5,,1392949211
110085,,4,,1392949377
589691,,4,,1392948384
2350300,,3.5,,1392949405
749412,,3,,1392948788
620918,,4,,1392949117
500395,,4.5,,1392948576
623190,,3.5,,1392948651
187793,,4,,1392948495
132191,,4.5,,1392948702
568047,,4,,1392949418
531569,,4.5,,1392948744
572508,,1.5,,1461999100
633618,,5,,1462001007
527494,,5,,1462001005
607848,,5,,1462000995
89895,,4,,862515453
636554,,4,,862515493
394480,,3,,862515528
587881,,2,,862515619
2413191,,2,,862515493
623421,,4,,862515453
479267,,3,,862515453
494143,,4,,862515493
2652066,,3,,862515493
446296,,4,,862515619
2394352,,3,,862515453
547697,,3,,862515528
657050,,4,,862515528
532589,,3,,862515493
350398,,3,,862515453
576972,,5,,862515453
1877015,,1,,862515528
2554552,,3,,862515493
606905,,4,,862515619
614761,,5,,862515619
2333244,,4,,862515619
680222,,3.5,,1445256336
634924,,5,,1445255444
587702,,4.5,,1445255272
532335,,4.5,,1445255251
634216,,5,,1445255164
2417841,,4.5,,1445256271
617332,,4,,1445255452
2643034,,5,,1445255403
467416,,3.5,,1445256287
631086,,5,,1445256269
441354,,4,,1445255341
621323,,4,,1445256273
500659,,4,,1445255442
629055,,4,,1445255314
609557,,3.5,,1445255572
512305,,5,,1445256260
497855,,5,,1445255590
532750,,4,,1445255797
574053,,4,,1445255591
507016,,5,,1445255777
575678,,5,,1445255604
628480,,4,,1445256304
635416,,3,,1445256306
2371481,,4.5,,1445256268
582154,,3.5,,1445256290
571389,,4,,1445256092
408353,,5,,1445255746
634323,,1,,1445255738
596947,,2.5,,1445255640
578722,,4.5,,1445255611
1843355,,3.5,,1445255469
2034000,,3.5,,1445254900
588493,,5,,1445255463
1981053,,4,,1445256252
438379,,4.5,,1445255607
625785,,4,,1445255780
518709,,5,,1445255418
687379,,5,,1445255743
517850,,4.5,,1445256302
592660,,3.5,,1445255615
650108,,3.5,,1445255189
312960,,2,,1445255658
395696,,1,,1445255756
586861,,5,,1445255598
620791,,5,,1445256064
645730,,4,,1445255650
511990,,4,,1445255663
579415,,3,,1445255601
489084,,5,,1445255747
524791,,4,,1445255416
550597,,5,,1445256444
603791,,5,,1445255339
633773,,5,,1445255430
688297,,4.5,,1445255326
583179,,5,,1445255249
601088,,4,,1445254905
609932,,4,,1445256257
694476,,5,,1445255974
412663,,5,,1445255926
426410,,4.5,,1445255431
617525,,4,,1445256448
654397,,3.5,,1445254908
2244214,,4,,1445255170
269677,,4,,1445255176
80717,,5,,1445255433
620159,,4.5,,1445255412
517416,,5,,1445255317
1839386,,5,,1445255824
2517387,,4,,1445254903
577429,,4.5,,1445255946
620128,,5,,1445256430
535530,,4,,1445255826
620713,,4.5,,1445255439
383978,,5,,1445255548
289826,,3,,1445255352
515574,,4.5,,1445255461
42552,,5,,1445255476
695250,,4,,1445256208
2554973,,5,,1445255535
1841753,,5,,1445256008
2111015,,5,,1445255479
236015,,4,,1445255493
594505,,2,,1445255963
568767,,3,,1445255323
694823,,4.5,,1445255276
572125,,4.5,,1445255302
632210,,5,,1445256067
505700,,5,,1445255389
638831,,5,,1445255399
443400,,5,,1445255547
621475,,5,,1445256057
581563,,4.5,,1445256438
550866,,4,,1445255391
595988,,4,,1445256418
592259,,5,,1445255957
547816,,3.5,,1445255293
378721,,5,,1445255950
570237,,5,,1445255400
538863,,4,,1445255474
617556,,4.5,,1445256441
415716,,4.5,,1445256426
2507993,,5,,1445256400
636464,,1,,1445255919
369610,,5,,1445255266
557735,,5,,1445255224
529550,,3,,1445255347
2164266,,5,,1445255409
652803,,4,,1445255929
649578,,5,,1445256010
2389754,,4,,1445256186
686946,,4.5,,1445256063
522859,,5,,1445255183
608152,,5,,1445255948
652945,,5,,1445255241
543386,,4,,1445256385
586046,,5,,1445255344
126450,,5,,1445256254
488192,,4.5,,1445255286
263448,,3.5,,1445256114
1568828,,5,,1445255944
651354,,3,,1445255279
576383,,5,,1445256389
310125,,5,,1445255160
245946,,5,,1445256034
627238,,4.5,,1445255407
417522,,5,,1445255181
629491,,5,,1445256240
693111,,5,,1445256206
543607,,5,,1445256160
2635505,,5,,1445255349
646006,,5,,1445255928
2549939,,4,,1445255260
465260,,4,,1445255178
643496,,3.5,,1445255238
529863,,4,,1445256256
578258,,1,,1445256190
543421,,5,,1445256398
2624720,,4.5,,1445256238
402295,,3,,1445255309
569679,,5,,1445256107
681716,,5,,1445255185
502512,,5,,1445255977
598451,,5,,1445256035
2424697,,3,,1445256396
610609,,4.5,,1445255967
628114,,4,,1445256250
615439,,3,,1445255311
521404,,0.5,,1445255364
614571,,5,,1445256158
646742,,5,,1445256204
624034,,4.5,,1445256183
499118,,5,,1445256193
2584244,,5,,1445255932
601566,,5,,1445256202
645770,,5,,1445254931
2529052,,5,,1445255878
532491,,5,,1445254924
579557,,4.5,,1445255231
606444,,5,,1445256210
592142,,5,,1445256178
656102,,5,,1445256151
616670,,4,,1445254922
573944,,2,,1163521434
624476,,4.5,,1163519251
500772,,3.5,,1163519276
2495139,,4,,1163519220
611517,,4,,1163521113
679801,,3.5,,1163521488
633749,,4.5,,1163521321
2076177,,4,,1163521327
645512,,3.5,,1179198876
597033,,4,,1179199137
549406,,3.5,,1179198979
595594,,3,,1180401082
632936,,2,,1179198229
434298,,3,,1179199789
130034,,2.5,,1179199478
653174,,2,,1179196804
628959,,3.5,,1179199232
447324,,2.5,,1179200349
400469,,3,,1180401005
335405,,3.5,,1180401048
2710343,,3.5,,1179199513
590701,,4,,1179200072
174782,,3.5,,1179198960
645518,,3.5,,1180400996
628938,,3.5,,1179196923
675046,,3,,1179199892
630219,,3,,1179196213
592950,,3,,1179199267
592252,,3,,1179199744
582964,,3.5,,1179198913
603431,,2.5,,1179199828
681984,,4,,1180400985
394384,,2.5,,1179196461
429220,,3.5,,1179198945
633864,,2.5,,1179198964
577603,,3,,1179199393
36385,,5,,1180400521
548650,,3,,1179200097
691556,,3,,1180400989
683164,,3,,1179198958
384106,,2.5,,1179196205
650592,,2.5,,1179200291
516776,,3.5,,1179198206
2312783,,3,,1179199228
600175,,2.5,,1179199823
697781,,3.5,,1179199047
686110,,3.5,,1179198903
2574281,,3,,1180400934
629542,,3,,1179198862
437550,,3,,1179198923
551823,,1.5,,1179196221
466158,,3,,1179198917
609513,,3.5,,1179199794
566464,,3,,1179199876
597817,,2.5,,1179196446
553275,,2.5,,1179198938
478967,,3.5,,1179198880
534047,,2,,1179199722
632114,,2.5,,1179199388
2031234,,4,,1179199148
544627,,2.5,,1179283755
612338,,4.5,,1179197971
586838,,3,,1179199096
600181,,2.5,,1179201257
603036,,3.5,,1179200014
30096,,2.5,,1179200016
579307,,3.5,,1179200377
2494258,,2.5,,1179199509
596292,,4,,1179367044
588963,,3.5,,1179198994
543864,,5,,1179198003
553649,,3,,1179198971
349359,,5,,1179198231
589948,,3.5,,1180401037
632898,,3.5,,1179199189
625740,,4,,1179198895
608535,,3.5,,1179200045
601956,,3,,1179199246
653168,,3.5,,1179199212
514605,,3.5,,1179199435
641716,,2.5,,1179196250
178258,,2.5,,1179199897
474628,,2.5,,1179196786
628722,,3.5,,1179200076
561930,,3,,1179199641
505142,,4,,1182286357
554885,,3,,1182286360
626419,,2,,1179199309
685928,,2.5,,1179199977
260216,,2.5,,1179199306
637206,,2,,1179200086
445573,,3,,1179199120
597301,,3.5,,1179199996
573377,,4,,1179199846
608737,,3.5,,1179198986
567950,,3,,1179200390
620946,,3,,1179199236
681961,,3,,1179200539
345256,,4.5,,1179198144
637514,,2,,1179198224
559977,,3,,1179200778
609754,,3.5,,1179200031
582406,,3.5,,1179200081
378462,,4,,1179199156
607668,,4,,1179199629
600859,,3,,1179199920
489222,,2.5,,1179283705
546786,,2.5,,1179199316
2436812,,3,,1179200126
514581,,4,,1179199491
596029,,2,,1179196793
1750405,,4.5,,1179284578
694222,,2.5,,1179200200
1738582,,2.5,,1179198037
644242,,3.5,,1179198097
560260,,4,,1179200397
576439,,3.5,,1179199763
573159,,3.5,,1179199221
582117,,3.5,,1179199965
627521,,3,,1179199971
582094,,3.5,,1179199279
633098,,2.5,,1179283559
2140311,,2.5,,1179199201
514913,,3.5,,1179199058
488863,,3,,1179200256
560430,,2.5,,1179196855
604106,,2,,1179199710
549354,,3,,1179196861
2432655,,4,,1179200394
648613,,3.5,,1179199361
598969,,4,,1179200143
626772,,3.5,,1179198554
508785,,2.5,,1179196779
1345808,,2,,1179197033
362877,,2.5,,1179283786
550393,,3,,1179199516
529789,,3,,1179198195
537558,,3,,1179199090
540787,,4.5,,1179200020
562917,,2.5,,1179199803
560012,,4,,1179198695
311332,,3,,1179199053
2595526,,2.5,,1179283817
517922,,5,,1179198073
1995532,,3,,1179283821
488675,,4.5,,1179199207
2178466,,5,,1179367724
2692514,,3.5,,1179200092
553021,,3,,1179199589
395358,,4.5,,1179200263
109577,,4,,1179199652
547666,,3,,1179198148
526051,,3.5,,1179283674
2377769,,3,,1179200242
598966,,3.5,,1179200094
530226,,3,,1179198153
627269,,3,,1179200710
605652,,3,,1179199381
362356,,3.5,,1179200400
693161,,3,,1179200066
111926,,3,,1179200192
646197,,4,,1179200514
555015,,4,,1179199597
629504,,3,,1179199425
514526,,3,,1179196876
103594,,3,,1179200253
621459,,4,,1179199423
2544643,,3,,1179200139
2471302,,2.5,,1179283590
552661,,2.5,,1179283663
631657,,2,,1179198051
629228,,3,,1179200549
139843,,3.5,,1179199077
625427,,4,,1179199843
575512,,4.5,,1179200323
535324,,2.5,,1179198129
586843,,3.5,,1179198697
2088765,,4,,1179197258
629745,,4,,1179199662
698299,,4,,1179199431
2521459,,4,,1182286286
356166,,4,,1179198796
566465,,5,,1179368286
1951139,,4,,1179283767
441888,,3.5,,1179198684
594395,,3,,1179198047
199897,,5,,1179197174
604799,,5,,1179367754
682440,,3,,1179199276
625903,,3,,1179200231
690559,,2.5,,1179200844
286338,,3.5,,1179200058
680807,,1.5,,1179198248
644384,,5,,1182286337
645950,,3.5,,1179198791
2571447,,3.5,,1179199833
609184,,4,,1179199751
694976,,2,,1179283546
608060,,4,,1179199749
645840,,3.5,,1179199483
321525,,3,,1179283735
2019837,,1.5,,1179200813
620646,,4.5,,1179199415
600891,,3.5,,1179198728
586111,,2,,1179283575
567676,,3,,1179200847
549190,,3,,1179200188
592422,,3.5,,1180400951
573742,,3.5,,1179284398
533458,,3.5,,1179198007
633929,,5,,1179197101
679448,,4.5,,1179284280
681327,,3.5,,1179283728
689999,,4,,1179200183
349359,,5,,1179197118
595676,,4,,1179197177
2381845,,2.5,,1179283859
643770,,4.5,,1179197227
608884,,3,,1179283627
484983,,4,,1179359946
642222,,3,,1179199770
596245,,5,,1182286316
2029571,,4,,1179283923
683768,,4,,1179284478
650515,,3,,1179198252
591015,,3,,1179198041
680545,,4.5,,1179368250
2588742,,5,,1179198082
527323,,4.5,,1179198756
700815,,3.5,,1179284612
552114,,5,,1179368226
580657,,4,,1179198777
631766,,3,,1179198264
512582,,4.5,,1180400677
1915824,,3.5,,1179198609
596137,,4,,1179198632
389249,,4,,1179284588
604945,,3,,1179283761
643755,,1.5,,1179198346
595572,,4,,1179198336
642698,,2.5,,1179198317
556251,,5,,1179198595
618621,,4,,1179284892
552339,,2.5,,1179198356
2552472,,3,,1179198390
484312,,4.5,,1179198369
579343,,2,,1179198365
612539,,4,,1179198122
562146,,4,,1179198302
695015,,3,,1179198424
360489,,4,,1179198418
260949,,5,,1179197181
636364,,3,,1180400551
248961,,5,,834753794
500958,,5,,834753852
2648317,,4,,834753695
610461,,2,,834753728
502207,,3,,834753728
600175,,1,,834753760
686058,,4,,834753835
594506,,5,,834753695
682673,,4,,834753810
2684107,,5,,834753759
654338,,4,,834753777
634507,,4,,834753728
493879,,5,,834753728
586440,,5,,834753810
67471,,5,,834753728
497994,,3,,834753695
398630,,5,,834753794
578050,,5,,834753760
627563,,4,,920639182
2620661,,4.5,,1045606538
630013,,3.5,,1046465682
547303,,3,,979328509
603155,,3.5,,1054059882
497619,,3.5,,1054057806
600808,,4,,1133202945
297582,,3,,979331875
2683697,,2.5,,1109543229
430678,,3,,979331727
555747,,3.5,,1045608585
654563,,3.5,,1054057705
656360,,3.5,,1045608545
335726,,2.5,,1090960370
585457,,2,,979351075
98720,,3.5,,1045606823
2087100,,4,,1043182836
589472,,4.5,,1045606665
639234,,4,,1074990420
634530,,1.5,,1045607440
231320,,3.5,,1054057708
1534494,,3,,979350361
573639,,3.5,,1046465675
356568,,3.5,,1045607743
603791,,4.5,,1045606662
677711,,3.5,,1045607929
331318,,3,,979351738
578519,,2.5,,1045608675
480181,,3,,979328542
577035,,4,,1060353377
570448,,2,,979329979
560928,,2,,979351226
174010,,3,,979331198
687154,,3.5,,1045608522
621890,,1,,979422468
607382,,4.5,,1045606441
573519,,3,,1045607618
367151,,2.5,,1045694288
489990,,3,,979329867
37298,,4,,979349846
690044,,4.5,,1045606639
683375,,4,,1056747175
581584,,4.5,,1045606434
1173473,,4.5,,1045606534
233153,,4,,979353406
2639611,,3,,979350940
2464118,,3,,979330735
556605,,4,,979328898
560260,,4,,1054327807
628982,,2,,979329201
475253,,4,,979328848
611465,,2.5,,1045608458
276925,,4,,1054327884
646202,,2.5,,1054058649
600476,,2,,979330638
324672,,5,,979350203
591942,,3.5,,1045606752
618606,,3.5,,1045606686
559611,,4.5,,1056743180
590764,,3.5,,1056350906
647179,,1.5,,1045607443
365439,,4,,979328726
607762,,4,,979349597
595659,,4,,979348671
294570,,3,,979330414
477164,,4,,979349720
558602,,3.5,,1046465504
2585330,,2.5,,1045608533
234827,,4,,979328542
417220,,2.5,,1045608467
473509,,3,,979331198
626757,,4,,979351473
698299,,4,,979351488
538916,,3,,979331875
597742,,4,,979349571
685128,,3.5,,1045608491
40333,,3,,979331844
465260,,3,,979353443
686399,,5,,979328458
489410,,2.5,,1045607807
558134,,3,,1045694451
609354,,4.5,,1045606649
290550,,3,,1010421717
629182,,2,,979350848
684014,,3,,979328898
607899,,3.5,,1045608538
286914,,2,,979330086
2313615,,3,,979328675
489137,,3,,979330503
33600,,3.5,,1045607500
110881,,2,,979329966
411730,,3,,979350185
2338290,,3.5,,1046465533
2389837,,4,,979328899
183331,,5,,979351433
555228,,4.5,,1045606827
626714,,3,,979349817
504034,,4,,979348590
586705,,4,,1057679846
231697,,5,,979328485
351505,,4,,1045693483
589019,,3.5,,1045607873
355034,,1.5,,1045607447
628386,,3,,1015968850
372997,,2.5,,1045607687
615319,,2.5,,1045693900
542562,,3,,1074261435
2683857,,3,,979350408
567211,,3.5,,1046466348
553170,,3,,979328608
586561,,3,,979329438
604559,,2,,979329932
556165,,3,,1017682522
504270,,2,,1010014478
485282,,3,,979351005
2196923,,3,,979328149
575655,,3,,979352483
480531,,2.5,,1045607698
656353,,3,,979350279
617521,,3,,979350029
686018,,3,,979350541
539063,,3,,979330320
574944,,3.5,,1045608289
533054,,3,,979351005
578634,,3.5,,1054058543
2045139,,2,,979330087
483074,,2.5,,1057091802
1078701,,2,,979329966
630177,,3.5,,1045608357
610549,,3.5,,1045608250
485944,,4,,979412235
695047,,4.5,,1057679902
676025,,3,,979329438
654504,,3,,979349700
1894419,,3,,1008440473
2227004,,3.5,,1090419338
607052,,3,,979348854
573696,,4,,979354089
286658,,1.5,,1054058752
490505,,3,,979331727
590202,,3,,979329906
588694,,4.5,,1074990043
1729833,,3,,979349896
485630,,5,,979332128
491688,,3.5,,1045608685
607515,,5,,979331630
689855,,4.5,,1045606509
506705,,5,,979328388
683640,,3.5,,1045608572
687953,,4.5,,1045606450
656115,,5,,979328347
520525,,3,,1008440473
50610,,3.5,,1056350176
605771,,3.5,,1057679849
691069,,4,,1056743485
543948,,4,,979349124
554540,,3.5,,1046465559
635071,,5,,979332223
654677,,5,,979351410
413949,,4,,979331683
616383,,4,,1045693577
2046628,,3,,979351594
484039,,3.5,,1045608670
654064,,3.5,,1046466344
602856,,4.5,,1045606417
604072,,4,,1056743495
593127,,4,,979352119
590835,,2,,979328509
2218693,,3,,979350149
2024200,,3,,979328790
2353766,,3.5,,1046465512
443950,,3,,979329438
680231,,4,,1045608615
1644647,,3.5,,1045608618
484351,,3.5,,1046465550
530113,,3.5,,1101937755
2154220,,3,,979348671
2298895,,4,,979330236
612757,,3.5,,1046465612
687975,,3,,1045694253
1668504,,3,,979329966
556821,,3,,979349552
512305,,3.5,,1046465662
37298,,3,,979353957
586921,,3,,979329507
557752,,4,,979349993
516318,,3,,979328848
508829,,1.5,,1045607421
184583,,4,,979332370
695432,,3.5,,1045608269
2357019,,3.5,,1054057836
487570,,3.5,,1045608570
171751,,3.5,,1054058281
291937,,3.5,,1045606812
630992,,2,,979329966
581219,,3,,979328632
643280,,4.5,,1045606623
656009,,4.5,,1045606497
333976,,3,,979328790
430352,,4,,979329826
2189620,,2,,979329932
2692327,,3.5,,1045694264
422768,,2.5,,1045608479
2143739,,3.5,,1045694232
649379,,3,,979354117
65002,,3,,1010014342
2242383,,4,,1056743271
611309,,2.5,,1057091809
